,pnl,book_size,long_count,short_count,turnover,returns,drawdown,margin,fitness,sharpe,start_date,alpha_id,expression,concentrated_weight,high_turnover,is_ladder_sharpe,low_fitness,low_sharpe,low_sub_universe_sharpe,low_turnover
0,16886756,20000000,1646,1637,0.6236,0.1631,0.0202,0.000523,2.89,5.65,2012-01-22,K9jPPbp,"entry_B_0 = ts_rank( ts_std_dev(oth460_3l_vlc, 21), 252 ); maintenance_B_0 = -ts_regression(rsk70_mfm2_gemtrd_srtindcnt, ts_delay(rsk70_mfm2_gemtrd_anlystsn, 1), 252); quit_B_0 = entry_B_0 < 0.5;signal_B_0 =  trade_when(entry_B_0>0.55, maintenance_B_0, quit_B_0);s1_Sep13GLB_2 = ts_zscore (ts_backfill (vec_avg(mdl139_score), 252), 252);s2_Sep13GLB_2 = ts_zscore (ts_backfill (vec_avg(oth193_shield2), 252), 252);group_Sep13GLB_2 = pv13_10_minvol_1m_sector;signal_Sep13GLB_2 = group_zscore(s1_Sep13GLB_2+s2_Sep13GLB_2, group_Sep13GLB_2);add(scale_down(signal_B_0), scale_down(signal_Sep13GLB_2), filter = false)",PASS,PASS,PASS,PASS,PASS,PASS,PASS
1,17374738,20000000,1648,1635,0.641,0.1678,0.0193,0.000523,2.89,5.65,2012-01-22,1dQYYgJ,"entry_B_0 = ts_rank( ts_std_dev(oth460_3l_vlc, 21), 252 ); maintenance_B_0 = -ts_regression(rsk70_mfm2_gemtrd_srtindcnt, ts_delay(rsk70_mfm2_gemtrd_anlystsn, 1), 252); quit_B_0 = entry_B_0 < 0.5;signal_B_0 =  trade_when(entry_B_0>0.55, maintenance_B_0, quit_B_0);s1_Sep13GLB_0 = ts_zscore (ts_backfill (vec_avg(mdl139_score), 252), 252);s2_Sep13GLB_0 = ts_zscore (ts_backfill (vec_avg(oth193_shield2), 252), 252);group_Sep13GLB_0 = pv13_20_minvol_1m_sector;signal_Sep13GLB_0 = group_zscore(s1_Sep13GLB_0+s2_Sep13GLB_0, group_Sep13GLB_0);add(scale_down(signal_B_0), scale_down(signal_Sep13GLB_0), filter = false)",PASS,PASS,PASS,PASS,PASS,PASS,PASS
2,16934881,20000000,1647,1636,0.6286,0.1635,0.0196,0.00052,2.87,5.62,2012-01-22,xk0Aw6m,"entry_B_0 = ts_rank( ts_std_dev(oth460_3l_vlc, 21), 252 ); maintenance_B_0 = -ts_regression(rsk70_mfm2_gemtrd_srtindcnt, ts_delay(rsk70_mfm2_gemtrd_anlystsn, 1), 252); quit_B_0 = entry_B_0 < 0.5;signal_B_0 =  trade_when(entry_B_0>0.55, maintenance_B_0, quit_B_0);s1_Sep13GLB_4 = ts_zscore (ts_backfill (vec_avg(mdl139_score), 252), 252);s2_Sep13GLB_4 = ts_zscore (ts_backfill (vec_avg(oth193_shield), 252), 252);group_Sep13GLB_4 = pv13_10_minvol_1m_sector;signal_Sep13GLB_4 = group_zscore(s1_Sep13GLB_4+s2_Sep13GLB_4, group_Sep13GLB_4);add(scale_down(signal_B_0), scale_down(signal_Sep13GLB_4), filter = false)",PASS,PASS,PASS,PASS,PASS,PASS,PASS
3,17445468,20000000,1649,1634,0.6467,0.1685,0.0183,0.000521,2.87,5.62,2012-01-22,xk0AA2J,"entry_B_0 = ts_rank( ts_std_dev(oth460_3l_vlc, 21), 252 ); maintenance_B_0 = -ts_regression(rsk70_mfm2_gemtrd_srtindcnt, ts_delay(rsk70_mfm2_gemtrd_anlystsn, 1), 252); quit_B_0 = entry_B_0 < 0.5;signal_B_0 =  trade_when(entry_B_0>0.55, maintenance_B_0, quit_B_0);s1_Sep13GLB_3 = ts_zscore (ts_backfill (vec_avg(mdl139_score), 252), 252);s2_Sep13GLB_3 = ts_zscore (ts_backfill (vec_avg(oth193_shield), 252), 252);group_Sep13GLB_3 = pv13_20_minvol_1m_sector;signal_Sep13GLB_3 = group_zscore(s1_Sep13GLB_3+s2_Sep13GLB_3, group_Sep13GLB_3);add(scale_down(signal_B_0), scale_down(signal_Sep13GLB_3), filter = false)",PASS,PASS,PASS,PASS,PASS,PASS,PASS
4,19869114,20000000,1556,1544,0.5654,0.1919,0.0372,0.000679,2.8,4.81,2012-01-22,k02q2Wz,"entry_B_1 = ts_rank( ts_std_dev(oth460_1l_1dls, 21), 252 ); maintenance_B_1 = -ts_regression(rsk70_mfm2_gemtrd_srtindcnt, ts_delay(rsk70_mfm2_gemtrd_anlystsn, 1), 252); quit_B_1 = entry_B_1 < 0.5;signal_B_1 =  trade_when(entry_B_1>0.55, maintenance_B_1, quit_B_1);s1_Sep13GLB_2 = ts_zscore (ts_backfill (vec_avg(mdl139_score), 252), 252);s2_Sep13GLB_2 = ts_zscore (ts_backfill (vec_avg(oth193_shield2), 252), 252);group_Sep13GLB_2 = pv13_10_minvol_1m_sector;signal_Sep13GLB_2 = group_zscore(s1_Sep13GLB_2+s2_Sep13GLB_2, group_Sep13GLB_2);add(scale_down(signal_B_1), scale_down(signal_Sep13GLB_2), filter = false)",PASS,PASS,PASS,PASS,PASS,PASS,PASS
5,20396984,20000000,1556,1544,0.5824,0.197,0.036,0.000676,2.79,4.79,2012-01-22,j0b2lR5,"entry_B_1 = ts_rank( ts_std_dev(oth460_1l_1dls, 21), 252 ); maintenance_B_1 = -ts_regression(rsk70_mfm2_gemtrd_srtindcnt, ts_delay(rsk70_mfm2_gemtrd_anlystsn, 1), 252); quit_B_1 = entry_B_1 < 0.5;signal_B_1 =  trade_when(entry_B_1>0.55, maintenance_B_1, quit_B_1);s1_Sep13GLB_0 = ts_zscore (ts_backfill (vec_avg(mdl139_score), 252), 252);s2_Sep13GLB_0 = ts_zscore (ts_backfill (vec_avg(oth193_shield2), 252), 252);group_Sep13GLB_0 = pv13_20_minvol_1m_sector;signal_Sep13GLB_0 = group_zscore(s1_Sep13GLB_0+s2_Sep13GLB_0, group_Sep13GLB_0);add(scale_down(signal_B_1), scale_down(signal_Sep13GLB_0), filter = false)",PASS,PASS,PASS,PASS,PASS,PASS,PASS
6,16441685,20000000,1716,1705,0.6169,0.1588,0.0201,0.000515,2.77,5.45,2012-01-22,olMmJk2,"entry_B_4 = ts_rank( ts_std_dev(oth460_3l_vlc, 21), 252 ); maintenance_B_4 = -ts_regression(rsk70_mfm2_gemtrd_srtindcnt, ts_delay(rsk70_mfm2_gemtrd_srtindcnt, 1), 252); quit_B_4 = entry_B_4 < 0.5;signal_B_4 =  trade_when(entry_B_4>0.55, maintenance_B_4, quit_B_4);s1_Sep13GLB_2 = ts_zscore (ts_backfill (vec_avg(mdl139_score), 252), 252);s2_Sep13GLB_2 = ts_zscore (ts_backfill (vec_avg(oth193_shield2), 252), 252);group_Sep13GLB_2 = pv13_10_minvol_1m_sector;signal_Sep13GLB_2 = group_zscore(s1_Sep13GLB_2+s2_Sep13GLB_2, group_Sep13GLB_2);add(scale_down(signal_B_4), scale_down(signal_Sep13GLB_2), filter = false)",PASS,PASS,PASS,PASS,PASS,PASS,PASS
7,16911673,20000000,1719,1704,0.634,0.1633,0.0193,0.000515,2.76,5.44,2012-01-22,R8nRbz0,"entry_B_4 = ts_rank( ts_std_dev(oth460_3l_vlc, 21), 252 ); maintenance_B_4 = -ts_regression(rsk70_mfm2_gemtrd_srtindcnt, ts_delay(rsk70_mfm2_gemtrd_srtindcnt, 1), 252); quit_B_4 = entry_B_4 < 0.5;signal_B_4 =  trade_when(entry_B_4>0.55, maintenance_B_4, quit_B_4);s1_Sep13GLB_0 = ts_zscore (ts_backfill (vec_avg(mdl139_score), 252), 252);s2_Sep13GLB_0 = ts_zscore (ts_backfill (vec_avg(oth193_shield2), 252), 252);group_Sep13GLB_0 = pv13_20_minvol_1m_sector;signal_Sep13GLB_0 = group_zscore(s1_Sep13GLB_0+s2_Sep13GLB_0, group_Sep13GLB_0);add(scale_down(signal_B_4), scale_down(signal_Sep13GLB_0), filter = false)",PASS,PASS,PASS,PASS,PASS,PASS,PASS
8,19820797,20000000,1557,1543,0.5704,0.1914,0.0371,0.000671,2.75,4.75,2012-01-22,zm1qjOO,"entry_B_1 = ts_rank( ts_std_dev(oth460_1l_1dls, 21), 252 ); maintenance_B_1 = -ts_regression(rsk70_mfm2_gemtrd_srtindcnt, ts_delay(rsk70_mfm2_gemtrd_anlystsn, 1), 252); quit_B_1 = entry_B_1 < 0.5;signal_B_1 =  trade_when(entry_B_1>0.55, maintenance_B_1, quit_B_1);s1_Sep13GLB_4 = ts_zscore (ts_backfill (vec_avg(mdl139_score), 252), 252);s2_Sep13GLB_4 = ts_zscore (ts_backfill (vec_avg(oth193_shield), 252), 252);group_Sep13GLB_4 = pv13_10_minvol_1m_sector;signal_Sep13GLB_4 = group_zscore(s1_Sep13GLB_4+s2_Sep13GLB_4, group_Sep13GLB_4);add(scale_down(signal_B_1), scale_down(signal_Sep13GLB_4), filter = false)",PASS,PASS,PASS,PASS,PASS,PASS,PASS
9,20407083,20000000,1557,1543,0.588,0.1971,0.0354,0.00067,2.75,4.75,2012-01-22,n2MpVew,"entry_B_1 = ts_rank( ts_std_dev(oth460_1l_1dls, 21), 252 ); maintenance_B_1 = -ts_regression(rsk70_mfm2_gemtrd_srtindcnt, ts_delay(rsk70_mfm2_gemtrd_anlystsn, 1), 252); quit_B_1 = entry_B_1 < 0.5;signal_B_1 =  trade_when(entry_B_1>0.55, maintenance_B_1, quit_B_1);s1_Sep13GLB_3 = ts_zscore (ts_backfill (vec_avg(mdl139_score), 252), 252);s2_Sep13GLB_3 = ts_zscore (ts_backfill (vec_avg(oth193_shield), 252), 252);group_Sep13GLB_3 = pv13_20_minvol_1m_sector;signal_Sep13GLB_3 = group_zscore(s1_Sep13GLB_3+s2_Sep13GLB_3, group_Sep13GLB_3);add(scale_down(signal_B_1), scale_down(signal_Sep13GLB_3), filter = false)",PASS,PASS,PASS,PASS,PASS,PASS,PASS
10,16957732,20000000,1719,1703,0.6397,0.1637,0.0185,0.000512,2.74,5.41,2012-01-22,gMEJg50,"entry_B_4 = ts_rank( ts_std_dev(oth460_3l_vlc, 21), 252 ); maintenance_B_4 = -ts_regression(rsk70_mfm2_gemtrd_srtindcnt, ts_delay(rsk70_mfm2_gemtrd_srtindcnt, 1), 252); quit_B_4 = entry_B_4 < 0.5;signal_B_4 =  trade_when(entry_B_4>0.55, maintenance_B_4, quit_B_4);s1_Sep13GLB_3 = ts_zscore (ts_backfill (vec_avg(mdl139_score), 252), 252);s2_Sep13GLB_3 = ts_zscore (ts_backfill (vec_avg(oth193_shield), 252), 252);group_Sep13GLB_3 = pv13_20_minvol_1m_sector;signal_Sep13GLB_3 = group_zscore(s1_Sep13GLB_3+s2_Sep13GLB_3, group_Sep13GLB_3);add(scale_down(signal_B_4), scale_down(signal_Sep13GLB_3), filter = false)",PASS,PASS,PASS,PASS,PASS,PASS,PASS
11,16470716,20000000,1717,1704,0.622,0.159,0.0196,0.000511,2.74,5.41,2012-01-22,EEX5z0m,"entry_B_4 = ts_rank( ts_std_dev(oth460_3l_vlc, 21), 252 ); maintenance_B_4 = -ts_regression(rsk70_mfm2_gemtrd_srtindcnt, ts_delay(rsk70_mfm2_gemtrd_srtindcnt, 1), 252); quit_B_4 = entry_B_4 < 0.5;signal_B_4 =  trade_when(entry_B_4>0.55, maintenance_B_4, quit_B_4);s1_Sep13GLB_4 = ts_zscore (ts_backfill (vec_avg(mdl139_score), 252), 252);s2_Sep13GLB_4 = ts_zscore (ts_backfill (vec_avg(oth193_shield), 252), 252);group_Sep13GLB_4 = pv13_10_minvol_1m_sector;signal_Sep13GLB_4 = group_zscore(s1_Sep13GLB_4+s2_Sep13GLB_4, group_Sep13GLB_4);add(scale_down(signal_B_4), scale_down(signal_Sep13GLB_4), filter = false)",PASS,PASS,PASS,PASS,PASS,PASS,PASS
12,18212236,20000000,1580,1562,0.6965,0.1759,0.0217,0.000505,2.74,5.45,2012-01-22,ZneYYon,"entry_B_0 = ts_rank( ts_std_dev(oth460_3l_vlc, 21), 252 ); maintenance_B_0 = -ts_regression(rsk70_mfm2_gemtrd_srtindcnt, ts_delay(rsk70_mfm2_gemtrd_anlystsn, 1), 252); quit_B_0 = entry_B_0 < 0.5;signal_B_0 =  trade_when(entry_B_0>0.55, maintenance_B_0, quit_B_0);s1_Sep13GLB_1 = ts_zscore (ts_backfill (vec_avg(mdl139_score), 252), 252);s2_Sep13GLB_1 = ts_zscore (ts_backfill (vec_avg(oth193_shield2), 252), 252);group_Sep13GLB_1 = pv13_1l_scibr;signal_Sep13GLB_1 = group_zscore(s1_Sep13GLB_1+s2_Sep13GLB_1, group_Sep13GLB_1);add(scale_down(signal_B_0), scale_down(signal_Sep13GLB_1), filter = false)",PASS,PASS,PASS,PASS,PASS,PASS,PASS
13,19437710,20000000,1646,1637,0.6358,0.1877,0.0262,0.00059,2.69,4.96,2012-01-22,APM11wd,"entry_B_0 = ts_rank( ts_std_dev(oth460_3l_vlc, 21), 252 ); maintenance_B_0 = -ts_regression(rsk70_mfm2_gemtrd_srtindcnt, ts_delay(rsk70_mfm2_gemtrd_anlystsn, 1), 252); quit_B_0 = entry_B_0 < 0.5;signal_B_0 =  trade_when(entry_B_0>0.55, maintenance_B_0, quit_B_0);s1_Sep13GLB_2 = ts_zscore (ts_backfill (vec_avg(mdl139_score), 252), 252);s2_Sep13GLB_2 = ts_zscore (ts_backfill (vec_avg(oth193_shield2), 252), 252);group_Sep13GLB_2 = pv13_10_minvol_1m_sector;signal_Sep13GLB_2 = group_zscore(s1_Sep13GLB_2+s2_Sep13GLB_2, group_Sep13GLB_2);add(scale_down(signal_B_0), scale_down(signal_Sep13GLB_2), filter = false)",PASS,PASS,PASS,PASS,PASS,PASS,PASS
14,19950855,20000000,1648,1636,0.6534,0.1927,0.027,0.00059,2.67,4.92,2012-01-22,QVLPPEQ,"entry_B_0 = ts_rank( ts_std_dev(oth460_3l_vlc, 21), 252 ); maintenance_B_0 = -ts_regression(rsk70_mfm2_gemtrd_srtindcnt, ts_delay(rsk70_mfm2_gemtrd_anlystsn, 1), 252); quit_B_0 = entry_B_0 < 0.5;signal_B_0 =  trade_when(entry_B_0>0.55, maintenance_B_0, quit_B_0);s1_Sep13GLB_0 = ts_zscore (ts_backfill (vec_avg(mdl139_score), 252), 252);s2_Sep13GLB_0 = ts_zscore (ts_backfill (vec_avg(oth193_shield2), 252), 252);group_Sep13GLB_0 = pv13_20_minvol_1m_sector;signal_Sep13GLB_0 = group_zscore(s1_Sep13GLB_0+s2_Sep13GLB_0, group_Sep13GLB_0);add(scale_down(signal_B_0), scale_down(signal_Sep13GLB_0), filter = false)",PASS,PASS,PASS,PASS,PASS,PASS,PASS
15,19505286,20000000,1646,1637,0.6408,0.1883,0.0276,0.000588,2.67,4.93,2012-01-22,GLprrz5,"entry_B_0 = ts_rank( ts_std_dev(oth460_3l_vlc, 21), 252 ); maintenance_B_0 = -ts_regression(rsk70_mfm2_gemtrd_srtindcnt, ts_delay(rsk70_mfm2_gemtrd_anlystsn, 1), 252); quit_B_0 = entry_B_0 < 0.5;signal_B_0 =  trade_when(entry_B_0>0.55, maintenance_B_0, quit_B_0);s1_Sep13GLB_4 = ts_zscore (ts_backfill (vec_avg(mdl139_score), 252), 252);s2_Sep13GLB_4 = ts_zscore (ts_backfill (vec_avg(oth193_shield), 252), 252);group_Sep13GLB_4 = pv13_10_minvol_1m_sector;signal_Sep13GLB_4 = group_zscore(s1_Sep13GLB_4+s2_Sep13GLB_4, group_Sep13GLB_4);add(scale_down(signal_B_0), scale_down(signal_Sep13GLB_4), filter = false)",PASS,PASS,PASS,PASS,PASS,PASS,PASS
16,20037303,20000000,1649,1635,0.659,0.1935,0.0271,0.000587,2.66,4.9,2012-01-22,0E0mmNK,"entry_B_0 = ts_rank( ts_std_dev(oth460_3l_vlc, 21), 252 ); maintenance_B_0 = -ts_regression(rsk70_mfm2_gemtrd_srtindcnt, ts_delay(rsk70_mfm2_gemtrd_anlystsn, 1), 252); quit_B_0 = entry_B_0 < 0.5;signal_B_0 =  trade_when(entry_B_0>0.55, maintenance_B_0, quit_B_0);s1_Sep13GLB_3 = ts_zscore (ts_backfill (vec_avg(mdl139_score), 252), 252);s2_Sep13GLB_3 = ts_zscore (ts_backfill (vec_avg(oth193_shield), 252), 252);group_Sep13GLB_3 = pv13_20_minvol_1m_sector;signal_Sep13GLB_3 = group_zscore(s1_Sep13GLB_3+s2_Sep13GLB_3, group_Sep13GLB_3);add(scale_down(signal_B_0), scale_down(signal_Sep13GLB_3), filter = false)",PASS,PASS,PASS,PASS,PASS,PASS,PASS
17,16263766,20000000,1557,1542,0.5663,0.157,0.0254,0.000555,2.64,5.02,2012-01-22,0E0mk31,"entry_B_1 = ts_rank( ts_std_dev(oth460_1l_1dls, 21), 252 ); maintenance_B_1 = -ts_regression(rsk70_mfm2_gemtrd_srtindcnt, ts_delay(rsk70_mfm2_gemtrd_anlystsn, 1), 252); quit_B_1 = entry_B_1 < 0.5;signal_B_1 =  trade_when(entry_B_1>0.55, maintenance_B_1, quit_B_1);s1_Sep13GLB_0 = ts_zscore (ts_backfill (vec_avg(mdl139_score), 252), 252);s2_Sep13GLB_0 = ts_zscore (ts_backfill (vec_avg(oth193_shield2), 252), 252);group_Sep13GLB_0 = pv13_20_minvol_1m_sector;signal_Sep13GLB_0 = group_zscore(s1_Sep13GLB_0+s2_Sep13GLB_0, group_Sep13GLB_0);add(scale_down(signal_B_1), scale_down(signal_Sep13GLB_0), filter = false)",PASS,PASS,PASS,PASS,PASS,PASS,PASS
18,21493486,20000000,1496,1480,0.6356,0.2075,0.0378,0.000653,2.63,4.6,2012-01-22,5Oo8or5,"entry_B_1 = ts_rank( ts_std_dev(oth460_1l_1dls, 21), 252 ); maintenance_B_1 = -ts_regression(rsk70_mfm2_gemtrd_srtindcnt, ts_delay(rsk70_mfm2_gemtrd_anlystsn, 1), 252); quit_B_1 = entry_B_1 < 0.5;signal_B_1 =  trade_when(entry_B_1>0.55, maintenance_B_1, quit_B_1);s1_Sep13GLB_1 = ts_zscore (ts_backfill (vec_avg(mdl139_score), 252), 252);s2_Sep13GLB_1 = ts_zscore (ts_backfill (vec_avg(oth193_shield2), 252), 252);group_Sep13GLB_1 = pv13_1l_scibr;signal_Sep13GLB_1 = group_zscore(s1_Sep13GLB_1+s2_Sep13GLB_1, group_Sep13GLB_1);add(scale_down(signal_B_1), scale_down(signal_Sep13GLB_1), filter = false)",PASS,PASS,PASS,PASS,PASS,PASS,PASS
19,16541619,20000000,1566,1555,0.5683,0.1597,0.0194,0.000562,2.63,4.97,2012-01-22,qloMAKK,"entry_B_3 = ts_rank( ts_std_dev(oth460_veia_l2, 21), 252 ); maintenance_B_3 = -ts_regression(rsk70_mfm2_gemtrd_srtindcnt, ts_delay(rsk70_mfm2_gemtrd_anlystsn, 1), 252); quit_B_3 = entry_B_3 < 0.5;signal_B_3 =  trade_when(entry_B_3>0.55, maintenance_B_3, quit_B_3);s1_Sep13GLB_0 = ts_zscore (ts_backfill (vec_avg(mdl139_score), 252), 252);s2_Sep13GLB_0 = ts_zscore (ts_backfill (vec_avg(oth193_shield2), 252), 252);group_Sep13GLB_0 = pv13_20_minvol_1m_sector;signal_Sep13GLB_0 = group_zscore(s1_Sep13GLB_0+s2_Sep13GLB_0, group_Sep13GLB_0);add(scale_down(signal_B_3), scale_down(signal_Sep13GLB_0), filter = false)",PASS,PASS,PASS,PASS,PASS,PASS,PASS
20,15995710,20000000,1565,1556,0.5512,0.1545,0.0186,0.00056,2.62,4.94,2012-01-22,3RZqebX,"entry_B_3 = ts_rank( ts_std_dev(oth460_veia_l2, 21), 252 ); maintenance_B_3 = -ts_regression(rsk70_mfm2_gemtrd_srtindcnt, ts_delay(rsk70_mfm2_gemtrd_anlystsn, 1), 252); quit_B_3 = entry_B_3 < 0.5;signal_B_3 =  trade_when(entry_B_3>0.55, maintenance_B_3, quit_B_3);s1_Sep13GLB_2 = ts_zscore (ts_backfill (vec_avg(mdl139_score), 252), 252);s2_Sep13GLB_2 = ts_zscore (ts_backfill (vec_avg(oth193_shield2), 252), 252);group_Sep13GLB_2 = pv13_10_minvol_1m_sector;signal_Sep13GLB_2 = group_zscore(s1_Sep13GLB_2+s2_Sep13GLB_2, group_Sep13GLB_2);add(scale_down(signal_B_3), scale_down(signal_Sep13GLB_2), filter = false)",PASS,PASS,PASS,PASS,PASS,PASS,PASS
21,16285774,20000000,1557,1541,0.5718,0.1573,0.0223,0.00055,2.62,5.0,2012-01-22,vl3Rg6G,"entry_B_1 = ts_rank( ts_std_dev(oth460_1l_1dls, 21), 252 ); maintenance_B_1 = -ts_regression(rsk70_mfm2_gemtrd_srtindcnt, ts_delay(rsk70_mfm2_gemtrd_anlystsn, 1), 252); quit_B_1 = entry_B_1 < 0.5;signal_B_1 =  trade_when(entry_B_1>0.55, maintenance_B_1, quit_B_1);s1_Sep13GLB_3 = ts_zscore (ts_backfill (vec_avg(mdl139_score), 252), 252);s2_Sep13GLB_3 = ts_zscore (ts_backfill (vec_avg(oth193_shield), 252), 252);group_Sep13GLB_3 = pv13_20_minvol_1m_sector;signal_Sep13GLB_3 = group_zscore(s1_Sep13GLB_3+s2_Sep13GLB_3, group_Sep13GLB_3);add(scale_down(signal_B_1), scale_down(signal_Sep13GLB_3), filter = false)",PASS,PASS,PASS,PASS,PASS,PASS,PASS
22,15734182,20000000,1555,1542,0.5495,0.1519,0.0233,0.000553,2.62,4.99,2012-01-22,plAwOxg,"entry_B_1 = ts_rank( ts_std_dev(oth460_1l_1dls, 21), 252 ); maintenance_B_1 = -ts_regression(rsk70_mfm2_gemtrd_srtindcnt, ts_delay(rsk70_mfm2_gemtrd_anlystsn, 1), 252); quit_B_1 = entry_B_1 < 0.5;signal_B_1 =  trade_when(entry_B_1>0.55, maintenance_B_1, quit_B_1);s1_Sep13GLB_2 = ts_zscore (ts_backfill (vec_avg(mdl139_score), 252), 252);s2_Sep13GLB_2 = ts_zscore (ts_backfill (vec_avg(oth193_shield2), 252), 252);group_Sep13GLB_2 = pv13_10_minvol_1m_sector;signal_Sep13GLB_2 = group_zscore(s1_Sep13GLB_2+s2_Sep13GLB_2, group_Sep13GLB_2);add(scale_down(signal_B_1), scale_down(signal_Sep13GLB_2), filter = false)",PASS,PASS,PASS,PASS,PASS,PASS,PASS
23,15915879,20000000,1557,1544,0.5552,0.1537,0.0197,0.000554,2.6,4.94,2012-01-22,GLpr2OJ,"entry_B_6 = ts_rank( ts_std_dev(oth460_1l_2dls, 21), 252 ); maintenance_B_6 = -ts_regression(rsk70_mfm2_gemtrd_srtindcnt, ts_delay(rsk70_mfm2_gemtrd_anlystsn, 1), 252); quit_B_6 = entry_B_6 < 0.5;signal_B_6 =  trade_when(entry_B_6>0.55, maintenance_B_6, quit_B_6);s1_Sep13GLB_0 = ts_zscore (ts_backfill (vec_avg(mdl139_score), 252), 252);s2_Sep13GLB_0 = ts_zscore (ts_backfill (vec_avg(oth193_shield2), 252), 252);group_Sep13GLB_0 = pv13_20_minvol_1m_sector;signal_Sep13GLB_0 = group_zscore(s1_Sep13GLB_0+s2_Sep13GLB_0, group_Sep13GLB_0);add(scale_down(signal_B_6), scale_down(signal_Sep13GLB_0), filter = false)",PASS,PASS,PASS,PASS,PASS,PASS,PASS
24,15729827,20000000,1557,1542,0.5544,0.1519,0.0208,0.000548,2.6,4.97,2012-01-22,Xn5gLK5,"entry_B_1 = ts_rank( ts_std_dev(oth460_1l_1dls, 21), 252 ); maintenance_B_1 = -ts_regression(rsk70_mfm2_gemtrd_srtindcnt, ts_delay(rsk70_mfm2_gemtrd_anlystsn, 1), 252); quit_B_1 = entry_B_1 < 0.5;signal_B_1 =  trade_when(entry_B_1>0.55, maintenance_B_1, quit_B_1);s1_Sep13GLB_4 = ts_zscore (ts_backfill (vec_avg(mdl139_score), 252), 252);s2_Sep13GLB_4 = ts_zscore (ts_backfill (vec_avg(oth193_shield), 252), 252);group_Sep13GLB_4 = pv13_10_minvol_1m_sector;signal_Sep13GLB_4 = group_zscore(s1_Sep13GLB_4+s2_Sep13GLB_4, group_Sep13GLB_4);add(scale_down(signal_B_1), scale_down(signal_Sep13GLB_4), filter = false)",PASS,PASS,PASS,PASS,PASS,PASS,PASS
25,16568277,20000000,1567,1554,0.5736,0.16,0.0203,0.000558,2.59,4.91,2012-01-22,bq5lObl,"entry_B_3 = ts_rank( ts_std_dev(oth460_veia_l2, 21), 252 ); maintenance_B_3 = -ts_regression(rsk70_mfm2_gemtrd_srtindcnt, ts_delay(rsk70_mfm2_gemtrd_anlystsn, 1), 252); quit_B_3 = entry_B_3 < 0.5;signal_B_3 =  trade_when(entry_B_3>0.55, maintenance_B_3, quit_B_3);s1_Sep13GLB_3 = ts_zscore (ts_backfill (vec_avg(mdl139_score), 252), 252);s2_Sep13GLB_3 = ts_zscore (ts_backfill (vec_avg(oth193_shield), 252), 252);group_Sep13GLB_3 = pv13_20_minvol_1m_sector;signal_Sep13GLB_3 = group_zscore(s1_Sep13GLB_3+s2_Sep13GLB_3, group_Sep13GLB_3);add(scale_down(signal_B_3), scale_down(signal_Sep13GLB_3), filter = false)",PASS,PASS,PASS,PASS,PASS,PASS,PASS
26,19160440,20000000,1612,1600,0.559,0.185,0.0327,0.000662,2.58,4.48,2012-01-22,MQoPEn8,"entry_B_5 = ts_rank( ts_std_dev(oth460_1l_1dls, 21), 252 ); maintenance_B_5 = -ts_regression(rsk70_mfm2_gemtrd_srtindcnt, ts_delay(rsk70_mfm2_gemtrd_srtindcnt, 1), 252); quit_B_5 = entry_B_5 < 0.5;signal_B_5 =  trade_when(entry_B_5>0.55, maintenance_B_5, quit_B_5);s1_Sep13GLB_2 = ts_zscore (ts_backfill (vec_avg(mdl139_score), 252), 252);s2_Sep13GLB_2 = ts_zscore (ts_backfill (vec_avg(oth193_shield2), 252), 252);group_Sep13GLB_2 = pv13_10_minvol_1m_sector;signal_Sep13GLB_2 = group_zscore(s1_Sep13GLB_2+s2_Sep13GLB_2, group_Sep13GLB_2);add(scale_down(signal_B_5), scale_down(signal_Sep13GLB_2), filter = false)",PASS,PASS,PASS,PASS,PASS,PASS,PASS
27,17544766,20000000,1641,1622,0.6881,0.1694,0.0221,0.000492,2.58,5.19,2012-01-22,0E0mr0p,"entry_B_4 = ts_rank( ts_std_dev(oth460_3l_vlc, 21), 252 ); maintenance_B_4 = -ts_regression(rsk70_mfm2_gemtrd_srtindcnt, ts_delay(rsk70_mfm2_gemtrd_srtindcnt, 1), 252); quit_B_4 = entry_B_4 < 0.5;signal_B_4 =  trade_when(entry_B_4>0.55, maintenance_B_4, quit_B_4);s1_Sep13GLB_1 = ts_zscore (ts_backfill (vec_avg(mdl139_score), 252), 252);s2_Sep13GLB_1 = ts_zscore (ts_backfill (vec_avg(oth193_shield2), 252), 252);group_Sep13GLB_1 = pv13_1l_scibr;signal_Sep13GLB_1 = group_zscore(s1_Sep13GLB_1+s2_Sep13GLB_1, group_Sep13GLB_1);add(scale_down(signal_B_4), scale_down(signal_Sep13GLB_1), filter = false)",PASS,PASS,PASS,PASS,PASS,PASS,PASS
28,16013108,20000000,1565,1554,0.556,0.1546,0.0203,0.000556,2.57,4.87,2012-01-22,olMmLRk,"entry_B_3 = ts_rank( ts_std_dev(oth460_veia_l2, 21), 252 ); maintenance_B_3 = -ts_regression(rsk70_mfm2_gemtrd_srtindcnt, ts_delay(rsk70_mfm2_gemtrd_anlystsn, 1), 252); quit_B_3 = entry_B_3 < 0.5;signal_B_3 =  trade_when(entry_B_3>0.55, maintenance_B_3, quit_B_3);s1_Sep13GLB_4 = ts_zscore (ts_backfill (vec_avg(mdl139_score), 252), 252);s2_Sep13GLB_4 = ts_zscore (ts_backfill (vec_avg(oth193_shield), 252), 252);group_Sep13GLB_4 = pv13_10_minvol_1m_sector;signal_Sep13GLB_4 = group_zscore(s1_Sep13GLB_4+s2_Sep13GLB_4, group_Sep13GLB_4);add(scale_down(signal_B_3), scale_down(signal_Sep13GLB_4), filter = false)",PASS,PASS,PASS,PASS,PASS,PASS,PASS
29,19670986,20000000,1614,1600,0.5758,0.1899,0.0358,0.00066,2.57,4.47,2012-01-22,2Lbr6QN,"entry_B_5 = ts_rank( ts_std_dev(oth460_1l_1dls, 21), 252 ); maintenance_B_5 = -ts_regression(rsk70_mfm2_gemtrd_srtindcnt, ts_delay(rsk70_mfm2_gemtrd_srtindcnt, 1), 252); quit_B_5 = entry_B_5 < 0.5;signal_B_5 =  trade_when(entry_B_5>0.55, maintenance_B_5, quit_B_5);s1_Sep13GLB_0 = ts_zscore (ts_backfill (vec_avg(mdl139_score), 252), 252);s2_Sep13GLB_0 = ts_zscore (ts_backfill (vec_avg(oth193_shield2), 252), 252);group_Sep13GLB_0 = pv13_20_minvol_1m_sector;signal_Sep13GLB_0 = group_zscore(s1_Sep13GLB_0+s2_Sep13GLB_0, group_Sep13GLB_0);add(scale_down(signal_B_5), scale_down(signal_Sep13GLB_0), filter = false)",PASS,PASS,PASS,PASS,PASS,PASS,PASS
30,19720047,20000000,807,797,0.5879,0.1904,0.0292,0.000648,2.57,4.52,2012-01-22,e0oknzJ,"entry_B_9 = ts_rank( ts_std_dev(oth460_fprd_class, 21), 252 ); maintenance_B_9 = -ts_regression(rsk70_mfm2_gemtrd_srtindcnt, ts_delay(rsk70_mfm2_gemtrd_anlystsn, 1), 252); quit_B_9 = entry_B_9 < 0.5;signal_B_9 =  trade_when(entry_B_9>0.55, maintenance_B_9, quit_B_9);s1_Sep13GLB_0 = ts_zscore (ts_backfill (vec_avg(mdl139_score), 252), 252);s2_Sep13GLB_0 = ts_zscore (ts_backfill (vec_avg(oth193_shield2), 252), 252);group_Sep13GLB_0 = pv13_20_minvol_1m_sector;signal_Sep13GLB_0 = group_zscore(s1_Sep13GLB_0+s2_Sep13GLB_0, group_Sep13GLB_0);add(scale_down(signal_B_9), scale_down(signal_Sep13GLB_0), filter = false)",PASS,PASS,PASS,PASS,PASS,PASS,PASS
31,15306110,20000000,1555,1546,0.538,0.1478,0.0204,0.000549,2.56,4.89,2012-01-22,9rLZqv2,"entry_B_6 = ts_rank( ts_std_dev(oth460_1l_2dls, 21), 252 ); maintenance_B_6 = -ts_regression(rsk70_mfm2_gemtrd_srtindcnt, ts_delay(rsk70_mfm2_gemtrd_anlystsn, 1), 252); quit_B_6 = entry_B_6 < 0.5;signal_B_6 =  trade_when(entry_B_6>0.55, maintenance_B_6, quit_B_6);s1_Sep13GLB_2 = ts_zscore (ts_backfill (vec_avg(mdl139_score), 252), 252);s2_Sep13GLB_2 = ts_zscore (ts_backfill (vec_avg(oth193_shield2), 252), 252);group_Sep13GLB_2 = pv13_10_minvol_1m_sector;signal_Sep13GLB_2 = group_zscore(s1_Sep13GLB_2+s2_Sep13GLB_2, group_Sep13GLB_2);add(scale_down(signal_B_6), scale_down(signal_Sep13GLB_2), filter = false)",PASS,PASS,PASS,PASS,PASS,PASS,PASS
32,17484925,20000000,1504,1490,0.6213,0.1688,0.0211,0.000543,2.55,4.9,2012-01-22,3RZqeMQ,"entry_B_3 = ts_rank( ts_std_dev(oth460_veia_l2, 21), 252 ); maintenance_B_3 = -ts_regression(rsk70_mfm2_gemtrd_srtindcnt, ts_delay(rsk70_mfm2_gemtrd_anlystsn, 1), 252); quit_B_3 = entry_B_3 < 0.5;signal_B_3 =  trade_when(entry_B_3>0.55, maintenance_B_3, quit_B_3);s1_Sep13GLB_1 = ts_zscore (ts_backfill (vec_avg(mdl139_score), 252), 252);s2_Sep13GLB_1 = ts_zscore (ts_backfill (vec_avg(oth193_shield2), 252), 252);group_Sep13GLB_1 = pv13_1l_scibr;signal_Sep13GLB_1 = group_zscore(s1_Sep13GLB_1+s2_Sep13GLB_1, group_Sep13GLB_1);add(scale_down(signal_B_3), scale_down(signal_Sep13GLB_1), filter = false)",PASS,PASS,PASS,PASS,PASS,PASS,PASS
33,15880327,20000000,1558,1543,0.5607,0.1533,0.0193,0.000547,2.55,4.87,2012-01-22,9rLZvq9,"entry_B_6 = ts_rank( ts_std_dev(oth460_1l_2dls, 21), 252 ); maintenance_B_6 = -ts_regression(rsk70_mfm2_gemtrd_srtindcnt, ts_delay(rsk70_mfm2_gemtrd_anlystsn, 1), 252); quit_B_6 = entry_B_6 < 0.5;signal_B_6 =  trade_when(entry_B_6>0.55, maintenance_B_6, quit_B_6);s1_Sep13GLB_3 = ts_zscore (ts_backfill (vec_avg(mdl139_score), 252), 252);s2_Sep13GLB_3 = ts_zscore (ts_backfill (vec_avg(oth193_shield), 252), 252);group_Sep13GLB_3 = pv13_20_minvol_1m_sector;signal_Sep13GLB_3 = group_zscore(s1_Sep13GLB_3+s2_Sep13GLB_3, group_Sep13GLB_3);add(scale_down(signal_B_6), scale_down(signal_Sep13GLB_3), filter = false)",PASS,PASS,PASS,PASS,PASS,PASS,PASS
34,19089666,20000000,806,797,0.5705,0.1843,0.0289,0.000646,2.54,4.47,2012-01-22,71E7weZ,"entry_B_9 = ts_rank( ts_std_dev(oth460_fprd_class, 21), 252 ); maintenance_B_9 = -ts_regression(rsk70_mfm2_gemtrd_srtindcnt, ts_delay(rsk70_mfm2_gemtrd_anlystsn, 1), 252); quit_B_9 = entry_B_9 < 0.5;signal_B_9 =  trade_when(entry_B_9>0.55, maintenance_B_9, quit_B_9);s1_Sep13GLB_2 = ts_zscore (ts_backfill (vec_avg(mdl139_score), 252), 252);s2_Sep13GLB_2 = ts_zscore (ts_backfill (vec_avg(oth193_shield2), 252), 252);group_Sep13GLB_2 = pv13_10_minvol_1m_sector;signal_Sep13GLB_2 = group_zscore(s1_Sep13GLB_2+s2_Sep13GLB_2, group_Sep13GLB_2);add(scale_down(signal_B_9), scale_down(signal_Sep13GLB_2), filter = false)",PASS,PASS,PASS,PASS,PASS,PASS,PASS
35,19076827,20000000,1614,1599,0.564,0.1842,0.0306,0.000653,2.53,4.42,2012-01-22,j0b2KYO,"entry_B_5 = ts_rank( ts_std_dev(oth460_1l_1dls, 21), 252 ); maintenance_B_5 = -ts_regression(rsk70_mfm2_gemtrd_srtindcnt, ts_delay(rsk70_mfm2_gemtrd_srtindcnt, 1), 252); quit_B_5 = entry_B_5 < 0.5;signal_B_5 =  trade_when(entry_B_5>0.55, maintenance_B_5, quit_B_5);s1_Sep13GLB_4 = ts_zscore (ts_backfill (vec_avg(mdl139_score), 252), 252);s2_Sep13GLB_4 = ts_zscore (ts_backfill (vec_avg(oth193_shield), 252), 252);group_Sep13GLB_4 = pv13_10_minvol_1m_sector;signal_Sep13GLB_4 = group_zscore(s1_Sep13GLB_4+s2_Sep13GLB_4, group_Sep13GLB_4);add(scale_down(signal_B_5), scale_down(signal_Sep13GLB_4), filter = false)",PASS,PASS,PASS,PASS,PASS,PASS,PASS
36,19645833,20000000,1614,1598,0.5813,0.1897,0.033,0.000653,2.52,4.42,2012-01-22,JOZjAax,"entry_B_5 = ts_rank( ts_std_dev(oth460_1l_1dls, 21), 252 ); maintenance_B_5 = -ts_regression(rsk70_mfm2_gemtrd_srtindcnt, ts_delay(rsk70_mfm2_gemtrd_srtindcnt, 1), 252); quit_B_5 = entry_B_5 < 0.5;signal_B_5 =  trade_when(entry_B_5>0.55, maintenance_B_5, quit_B_5);s1_Sep13GLB_3 = ts_zscore (ts_backfill (vec_avg(mdl139_score), 252), 252);s2_Sep13GLB_3 = ts_zscore (ts_backfill (vec_avg(oth193_shield), 252), 252);group_Sep13GLB_3 = pv13_20_minvol_1m_sector;signal_Sep13GLB_3 = group_zscore(s1_Sep13GLB_3+s2_Sep13GLB_3, group_Sep13GLB_3);add(scale_down(signal_B_5), scale_down(signal_Sep13GLB_3), filter = false)",PASS,PASS,PASS,PASS,PASS,PASS,PASS
37,19634776,20000000,808,796,0.5934,0.1896,0.0318,0.000639,2.52,4.46,2012-01-22,olM8qjn,"entry_B_9 = ts_rank( ts_std_dev(oth460_fprd_class, 21), 252 ); maintenance_B_9 = -ts_regression(rsk70_mfm2_gemtrd_srtindcnt, ts_delay(rsk70_mfm2_gemtrd_anlystsn, 1), 252); quit_B_9 = entry_B_9 < 0.5;signal_B_9 =  trade_when(entry_B_9>0.55, maintenance_B_9, quit_B_9);s1_Sep13GLB_3 = ts_zscore (ts_backfill (vec_avg(mdl139_score), 252), 252);s2_Sep13GLB_3 = ts_zscore (ts_backfill (vec_avg(oth193_shield), 252), 252);group_Sep13GLB_3 = pv13_20_minvol_1m_sector;signal_Sep13GLB_3 = group_zscore(s1_Sep13GLB_3+s2_Sep13GLB_3, group_Sep13GLB_3);add(scale_down(signal_B_9), scale_down(signal_Sep13GLB_3), filter = false)",PASS,PASS,PASS,PASS,PASS,PASS,PASS
38,17238689,20000000,1497,1479,0.6196,0.1665,0.0187,0.000537,2.52,4.86,2012-01-22,QVLPLNG,"entry_B_1 = ts_rank( ts_std_dev(oth460_1l_1dls, 21), 252 ); maintenance_B_1 = -ts_regression(rsk70_mfm2_gemtrd_srtindcnt, ts_delay(rsk70_mfm2_gemtrd_anlystsn, 1), 252); quit_B_1 = entry_B_1 < 0.5;signal_B_1 =  trade_when(entry_B_1>0.55, maintenance_B_1, quit_B_1);s1_Sep13GLB_1 = ts_zscore (ts_backfill (vec_avg(mdl139_score), 252), 252);s2_Sep13GLB_1 = ts_zscore (ts_backfill (vec_avg(oth193_shield2), 252), 252);group_Sep13GLB_1 = pv13_1l_scibr;signal_Sep13GLB_1 = group_zscore(s1_Sep13GLB_1+s2_Sep13GLB_1, group_Sep13GLB_1);add(scale_down(signal_B_1), scale_down(signal_Sep13GLB_1), filter = false)",PASS,PASS,PASS,PASS,PASS,PASS,PASS
39,19101796,20000000,1564,1557,0.5673,0.1845,0.0291,0.00065,2.5,4.39,2012-01-22,vl3Rv8z,"entry_B_3 = ts_rank( ts_std_dev(oth460_veia_l2, 21), 252 ); maintenance_B_3 = -ts_regression(rsk70_mfm2_gemtrd_srtindcnt, ts_delay(rsk70_mfm2_gemtrd_anlystsn, 1), 252); quit_B_3 = entry_B_3 < 0.5;signal_B_3 =  trade_when(entry_B_3>0.55, maintenance_B_3, quit_B_3);s1_Sep13GLB_2 = ts_zscore (ts_backfill (vec_avg(mdl139_score), 252), 252);s2_Sep13GLB_2 = ts_zscore (ts_backfill (vec_avg(oth193_shield2), 252), 252);group_Sep13GLB_2 = pv13_10_minvol_1m_sector;signal_Sep13GLB_2 = group_zscore(s1_Sep13GLB_2+s2_Sep13GLB_2, group_Sep13GLB_2);add(scale_down(signal_B_3), scale_down(signal_Sep13GLB_2), filter = false)",PASS,PASS,PASS,PASS,PASS,PASS,PASS
40,19702135,20000000,1565,1555,0.5846,0.1902,0.0312,0.000651,2.5,4.39,2012-01-22,olMmYx5,"entry_B_3 = ts_rank( ts_std_dev(oth460_veia_l2, 21), 252 ); maintenance_B_3 = -ts_regression(rsk70_mfm2_gemtrd_srtindcnt, ts_delay(rsk70_mfm2_gemtrd_anlystsn, 1), 252); quit_B_3 = entry_B_3 < 0.5;signal_B_3 =  trade_when(entry_B_3>0.55, maintenance_B_3, quit_B_3);s1_Sep13GLB_0 = ts_zscore (ts_backfill (vec_avg(mdl139_score), 252), 252);s2_Sep13GLB_0 = ts_zscore (ts_backfill (vec_avg(oth193_shield2), 252), 252);group_Sep13GLB_0 = pv13_20_minvol_1m_sector;signal_Sep13GLB_0 = group_zscore(s1_Sep13GLB_0+s2_Sep13GLB_0, group_Sep13GLB_0);add(scale_down(signal_B_3), scale_down(signal_Sep13GLB_0), filter = false)",PASS,PASS,PASS,PASS,PASS,PASS,PASS
41,15232167,20000000,1556,1545,0.543,0.1471,0.0177,0.000542,2.5,4.8,2012-01-22,bq5GkVN,"entry_B_6 = ts_rank( ts_std_dev(oth460_1l_2dls, 21), 252 ); maintenance_B_6 = -ts_regression(rsk70_mfm2_gemtrd_srtindcnt, ts_delay(rsk70_mfm2_gemtrd_anlystsn, 1), 252); quit_B_6 = entry_B_6 < 0.5;signal_B_6 =  trade_when(entry_B_6>0.55, maintenance_B_6, quit_B_6);s1_Sep13GLB_4 = ts_zscore (ts_backfill (vec_avg(mdl139_score), 252), 252);s2_Sep13GLB_4 = ts_zscore (ts_backfill (vec_avg(oth193_shield), 252), 252);group_Sep13GLB_4 = pv13_10_minvol_1m_sector;signal_Sep13GLB_4 = group_zscore(s1_Sep13GLB_4+s2_Sep13GLB_4, group_Sep13GLB_4);add(scale_down(signal_B_6), scale_down(signal_Sep13GLB_4), filter = false)",PASS,PASS,PASS,PASS,PASS,PASS,PASS
42,16117555,20000000,1657,1646,0.6427,0.1556,0.0185,0.000484,2.5,5.08,2012-01-22,mbMw3A5,"entry_B_7 = ts_rank( ts_std_dev(oth460_3l_vlc, 21), 252 ); maintenance_B_7 = -ts_regression(rsk70_mfm2_gemtrd_srtindcnt, ts_delay(rsk70_mfm2_gemtrd_size, 1), 252); quit_B_7 = entry_B_7 < 0.5;signal_B_7 =  trade_when(entry_B_7>0.55, maintenance_B_7, quit_B_7);s1_Sep13GLB_0 = ts_zscore (ts_backfill (vec_avg(mdl139_score), 252), 252);s2_Sep13GLB_0 = ts_zscore (ts_backfill (vec_avg(oth193_shield2), 252), 252);group_Sep13GLB_0 = pv13_20_minvol_1m_sector;signal_Sep13GLB_0 = group_zscore(s1_Sep13GLB_0+s2_Sep13GLB_0, group_Sep13GLB_0);add(scale_down(signal_B_7), scale_down(signal_Sep13GLB_0), filter = false)",PASS,PASS,PASS,PASS,PASS,PASS,PASS
43,15675627,20000000,1656,1647,0.6251,0.1514,0.0193,0.000484,2.5,5.08,2012-01-22,zm1KaaO,"entry_B_7 = ts_rank( ts_std_dev(oth460_3l_vlc, 21), 252 ); maintenance_B_7 = -ts_regression(rsk70_mfm2_gemtrd_srtindcnt, ts_delay(rsk70_mfm2_gemtrd_size, 1), 252); quit_B_7 = entry_B_7 < 0.5;signal_B_7 =  trade_when(entry_B_7>0.55, maintenance_B_7, quit_B_7);s1_Sep13GLB_2 = ts_zscore (ts_backfill (vec_avg(mdl139_score), 252), 252);s2_Sep13GLB_2 = ts_zscore (ts_backfill (vec_avg(oth193_shield2), 252), 252);group_Sep13GLB_2 = pv13_10_minvol_1m_sector;signal_Sep13GLB_2 = group_zscore(s1_Sep13GLB_2+s2_Sep13GLB_2, group_Sep13GLB_2);add(scale_down(signal_B_7), scale_down(signal_Sep13GLB_2), filter = false)",PASS,PASS,PASS,PASS,PASS,PASS,PASS
44,18717026,20000000,1716,1706,0.6281,0.1807,0.0252,0.000576,2.5,4.66,2012-01-22,gMEJZpm,"entry_B_4 = ts_rank( ts_std_dev(oth460_3l_vlc, 21), 252 ); maintenance_B_4 = -ts_regression(rsk70_mfm2_gemtrd_srtindcnt, ts_delay(rsk70_mfm2_gemtrd_srtindcnt, 1), 252); quit_B_4 = entry_B_4 < 0.5;signal_B_4 =  trade_when(entry_B_4>0.55, maintenance_B_4, quit_B_4);s1_Sep13GLB_2 = ts_zscore (ts_backfill (vec_avg(mdl139_score), 252), 252);s2_Sep13GLB_2 = ts_zscore (ts_backfill (vec_avg(oth193_shield2), 252), 252);group_Sep13GLB_2 = pv13_10_minvol_1m_sector;signal_Sep13GLB_2 = group_zscore(s1_Sep13GLB_2+s2_Sep13GLB_2, group_Sep13GLB_2);add(scale_down(signal_B_4), scale_down(signal_Sep13GLB_2), filter = false)",PASS,PASS,PASS,PASS,PASS,PASS,PASS
45,20800402,20000000,1578,1563,0.7083,0.2009,0.0268,0.000567,2.5,4.69,2012-01-22,xk0AAxm,"entry_B_0 = ts_rank( ts_std_dev(oth460_3l_vlc, 21), 252 ); maintenance_B_0 = -ts_regression(rsk70_mfm2_gemtrd_srtindcnt, ts_delay(rsk70_mfm2_gemtrd_anlystsn, 1), 252); quit_B_0 = entry_B_0 < 0.5;signal_B_0 =  trade_when(entry_B_0>0.55, maintenance_B_0, quit_B_0);s1_Sep13GLB_1 = ts_zscore (ts_backfill (vec_avg(mdl139_score), 252), 252);s2_Sep13GLB_1 = ts_zscore (ts_backfill (vec_avg(oth193_shield2), 252), 252);group_Sep13GLB_1 = pv13_1l_scibr;signal_Sep13GLB_1 = group_zscore(s1_Sep13GLB_1+s2_Sep13GLB_1, group_Sep13GLB_1);add(scale_down(signal_B_0), scale_down(signal_Sep13GLB_1), filter = false)",PASS,FAIL,PASS,PASS,PASS,PASS,PASS
46,16158783,20000000,1659,1644,0.6484,0.156,0.0177,0.000481,2.48,5.06,2012-01-22,MQoMwl8,"entry_B_7 = ts_rank( ts_std_dev(oth460_3l_vlc, 21), 252 ); maintenance_B_7 = -ts_regression(rsk70_mfm2_gemtrd_srtindcnt, ts_delay(rsk70_mfm2_gemtrd_size, 1), 252); quit_B_7 = entry_B_7 < 0.5;signal_B_7 =  trade_when(entry_B_7>0.55, maintenance_B_7, quit_B_7);s1_Sep13GLB_3 = ts_zscore (ts_backfill (vec_avg(mdl139_score), 252), 252);s2_Sep13GLB_3 = ts_zscore (ts_backfill (vec_avg(oth193_shield), 252), 252);group_Sep13GLB_3 = pv13_20_minvol_1m_sector;signal_Sep13GLB_3 = group_zscore(s1_Sep13GLB_3+s2_Sep13GLB_3, group_Sep13GLB_3);add(scale_down(signal_B_7), scale_down(signal_Sep13GLB_3), filter = false)",PASS,PASS,PASS,PASS,PASS,PASS,PASS
47,15705038,20000000,1657,1646,0.6302,0.1517,0.0187,0.000481,2.48,5.06,2012-01-22,mbMwe7W,"entry_B_7 = ts_rank( ts_std_dev(oth460_3l_vlc, 21), 252 ); maintenance_B_7 = -ts_regression(rsk70_mfm2_gemtrd_srtindcnt, ts_delay(rsk70_mfm2_gemtrd_size, 1), 252); quit_B_7 = entry_B_7 < 0.5;signal_B_7 =  trade_when(entry_B_7>0.55, maintenance_B_7, quit_B_7);s1_Sep13GLB_4 = ts_zscore (ts_backfill (vec_avg(mdl139_score), 252), 252);s2_Sep13GLB_4 = ts_zscore (ts_backfill (vec_avg(oth193_shield), 252), 252);group_Sep13GLB_4 = pv13_10_minvol_1m_sector;signal_Sep13GLB_4 = group_zscore(s1_Sep13GLB_4+s2_Sep13GLB_4, group_Sep13GLB_4);add(scale_down(signal_B_7), scale_down(signal_Sep13GLB_4), filter = false)",PASS,PASS,PASS,PASS,PASS,PASS,PASS
48,20755950,20000000,776,764,0.6427,0.2004,0.0299,0.000624,2.48,4.45,2012-01-22,QVLZaxK,"entry_B_9 = ts_rank( ts_std_dev(oth460_fprd_class, 21), 252 ); maintenance_B_9 = -ts_regression(rsk70_mfm2_gemtrd_srtindcnt, ts_delay(rsk70_mfm2_gemtrd_anlystsn, 1), 252); quit_B_9 = entry_B_9 < 0.5;signal_B_9 =  trade_when(entry_B_9>0.55, maintenance_B_9, quit_B_9);s1_Sep13GLB_1 = ts_zscore (ts_backfill (vec_avg(mdl139_score), 252), 252);s2_Sep13GLB_1 = ts_zscore (ts_backfill (vec_avg(oth193_shield2), 252), 252);group_Sep13GLB_1 = pv13_1l_scibr;signal_Sep13GLB_1 = group_zscore(s1_Sep13GLB_1+s2_Sep13GLB_1, group_Sep13GLB_1);add(scale_down(signal_B_9), scale_down(signal_Sep13GLB_1), filter = false)",PASS,PASS,PASS,PASS,PASS,PASS,PASS
49,18954229,20000000,806,796,0.5754,0.183,0.0317,0.000636,2.48,4.4,2012-01-22,8Qd5Q9X,"entry_B_9 = ts_rank( ts_std_dev(oth460_fprd_class, 21), 252 ); maintenance_B_9 = -ts_regression(rsk70_mfm2_gemtrd_srtindcnt, ts_delay(rsk70_mfm2_gemtrd_anlystsn, 1), 252); quit_B_9 = entry_B_9 < 0.5;signal_B_9 =  trade_when(entry_B_9>0.55, maintenance_B_9, quit_B_9);s1_Sep13GLB_4 = ts_zscore (ts_backfill (vec_avg(mdl139_score), 252), 252);s2_Sep13GLB_4 = ts_zscore (ts_backfill (vec_avg(oth193_shield), 252), 252);group_Sep13GLB_4 = pv13_10_minvol_1m_sector;signal_Sep13GLB_4 = group_zscore(s1_Sep13GLB_4+s2_Sep13GLB_4, group_Sep13GLB_4);add(scale_down(signal_B_9), scale_down(signal_Sep13GLB_4), filter = false)",PASS,PASS,PASS,PASS,PASS,PASS,PASS
50,19008487,20000000,1556,1546,0.5717,0.1836,0.0385,0.000642,2.48,4.37,2012-01-22,1dQY8Xm,"entry_B_6 = ts_rank( ts_std_dev(oth460_1l_2dls, 21), 252 ); maintenance_B_6 = -ts_regression(rsk70_mfm2_gemtrd_srtindcnt, ts_delay(rsk70_mfm2_gemtrd_anlystsn, 1), 252); quit_B_6 = entry_B_6 < 0.5;signal_B_6 =  trade_when(entry_B_6>0.55, maintenance_B_6, quit_B_6);s1_Sep13GLB_0 = ts_zscore (ts_backfill (vec_avg(mdl139_score), 252), 252);s2_Sep13GLB_0 = ts_zscore (ts_backfill (vec_avg(oth193_shield2), 252), 252);group_Sep13GLB_0 = pv13_20_minvol_1m_sector;signal_Sep13GLB_0 = group_zscore(s1_Sep13GLB_0+s2_Sep13GLB_0, group_Sep13GLB_0);add(scale_down(signal_B_6), scale_down(signal_Sep13GLB_0), filter = false)",PASS,PASS,PASS,PASS,PASS,PASS,PASS
51,19212599,20000000,1718,1704,0.6453,0.1855,0.0246,0.000575,2.48,4.62,2012-01-22,bq5lbr6,"entry_B_4 = ts_rank( ts_std_dev(oth460_3l_vlc, 21), 252 ); maintenance_B_4 = -ts_regression(rsk70_mfm2_gemtrd_srtindcnt, ts_delay(rsk70_mfm2_gemtrd_srtindcnt, 1), 252); quit_B_4 = entry_B_4 < 0.5;signal_B_4 =  trade_when(entry_B_4>0.55, maintenance_B_4, quit_B_4);s1_Sep13GLB_0 = ts_zscore (ts_backfill (vec_avg(mdl139_score), 252), 252);s2_Sep13GLB_0 = ts_zscore (ts_backfill (vec_avg(oth193_shield2), 252), 252);group_Sep13GLB_0 = pv13_20_minvol_1m_sector;signal_Sep13GLB_0 = group_zscore(s1_Sep13GLB_0+s2_Sep13GLB_0, group_Sep13GLB_0);add(scale_down(signal_B_4), scale_down(signal_Sep13GLB_0), filter = false)",PASS,PASS,PASS,PASS,PASS,PASS,PASS
52,18757343,20000000,1717,1705,0.6332,0.1811,0.0271,0.000572,2.47,4.62,2012-01-22,5Oo85N1,"entry_B_4 = ts_rank( ts_std_dev(oth460_3l_vlc, 21), 252 ); maintenance_B_4 = -ts_regression(rsk70_mfm2_gemtrd_srtindcnt, ts_delay(rsk70_mfm2_gemtrd_srtindcnt, 1), 252); quit_B_4 = entry_B_4 < 0.5;signal_B_4 =  trade_when(entry_B_4>0.55, maintenance_B_4, quit_B_4);s1_Sep13GLB_4 = ts_zscore (ts_backfill (vec_avg(mdl139_score), 252), 252);s2_Sep13GLB_4 = ts_zscore (ts_backfill (vec_avg(oth193_shield), 252), 252);group_Sep13GLB_4 = pv13_10_minvol_1m_sector;signal_Sep13GLB_4 = group_zscore(s1_Sep13GLB_4+s2_Sep13GLB_4, group_Sep13GLB_4);add(scale_down(signal_B_4), scale_down(signal_Sep13GLB_4), filter = false)",PASS,PASS,PASS,PASS,PASS,PASS,PASS
53,21079996,20000000,1166,1155,0.597,0.2036,0.0544,0.000682,2.46,4.21,2012-01-22,QVLPjQW,"entry_B_2 = ts_rank( ts_std_dev(oth460_1l_aiec, 21), 252 ); maintenance_B_2 = -ts_regression(rsk70_mfm2_gemtrd_srtindcnt, ts_delay(rsk70_mfm2_gemtrd_anlystsn, 1), 252); quit_B_2 = entry_B_2 < 0.5;signal_B_2 =  trade_when(entry_B_2>0.55, maintenance_B_2, quit_B_2);s1_Sep13GLB_0 = ts_zscore (ts_backfill (vec_avg(mdl139_score), 252), 252);s2_Sep13GLB_0 = ts_zscore (ts_backfill (vec_avg(oth193_shield2), 252), 252);group_Sep13GLB_0 = pv13_20_minvol_1m_sector;signal_Sep13GLB_0 = group_zscore(s1_Sep13GLB_0+s2_Sep13GLB_0, group_Sep13GLB_0);add(scale_down(signal_B_2), scale_down(signal_Sep13GLB_0), filter = false)",PASS,PASS,PASS,PASS,PASS,PASS,PASS
54,17128665,20000000,1166,1155,0.5822,0.1654,0.0249,0.000568,2.46,4.61,2012-01-22,2LbrRA5,"entry_B_2 = ts_rank( ts_std_dev(oth460_1l_aiec, 21), 252 ); maintenance_B_2 = -ts_regression(rsk70_mfm2_gemtrd_srtindcnt, ts_delay(rsk70_mfm2_gemtrd_anlystsn, 1), 252); quit_B_2 = entry_B_2 < 0.5;signal_B_2 =  trade_when(entry_B_2>0.55, maintenance_B_2, quit_B_2);s1_Sep13GLB_0 = ts_zscore (ts_backfill (vec_avg(mdl139_score), 252), 252);s2_Sep13GLB_0 = ts_zscore (ts_backfill (vec_avg(oth193_shield2), 252), 252);group_Sep13GLB_0 = pv13_20_minvol_1m_sector;signal_Sep13GLB_0 = group_zscore(s1_Sep13GLB_0+s2_Sep13GLB_0, group_Sep13GLB_0);add(scale_down(signal_B_2), scale_down(signal_Sep13GLB_0), filter = false)",PASS,PASS,PASS,PASS,PASS,PASS,PASS
55,19722957,20000000,1566,1554,0.5899,0.1904,0.0352,0.000646,2.45,4.32,2012-01-22,L1ALZ96,"entry_B_3 = ts_rank( ts_std_dev(oth460_veia_l2, 21), 252 ); maintenance_B_3 = -ts_regression(rsk70_mfm2_gemtrd_srtindcnt, ts_delay(rsk70_mfm2_gemtrd_anlystsn, 1), 252); quit_B_3 = entry_B_3 < 0.5;signal_B_3 =  trade_when(entry_B_3>0.55, maintenance_B_3, quit_B_3);s1_Sep13GLB_3 = ts_zscore (ts_backfill (vec_avg(mdl139_score), 252), 252);s2_Sep13GLB_3 = ts_zscore (ts_backfill (vec_avg(oth193_shield), 252), 252);group_Sep13GLB_3 = pv13_20_minvol_1m_sector;signal_Sep13GLB_3 = group_zscore(s1_Sep13GLB_3+s2_Sep13GLB_3, group_Sep13GLB_3);add(scale_down(signal_B_3), scale_down(signal_Sep13GLB_3), filter = false)",PASS,PASS,PASS,PASS,PASS,PASS,PASS
56,19263548,20000000,1719,1704,0.6509,0.186,0.0264,0.000572,2.45,4.59,2012-01-22,VPgkmR5,"entry_B_4 = ts_rank( ts_std_dev(oth460_3l_vlc, 21), 252 ); maintenance_B_4 = -ts_regression(rsk70_mfm2_gemtrd_srtindcnt, ts_delay(rsk70_mfm2_gemtrd_srtindcnt, 1), 252); quit_B_4 = entry_B_4 < 0.5;signal_B_4 =  trade_when(entry_B_4>0.55, maintenance_B_4, quit_B_4);s1_Sep13GLB_3 = ts_zscore (ts_backfill (vec_avg(mdl139_score), 252), 252);s2_Sep13GLB_3 = ts_zscore (ts_backfill (vec_avg(oth193_shield), 252), 252);group_Sep13GLB_3 = pv13_20_minvol_1m_sector;signal_Sep13GLB_3 = group_zscore(s1_Sep13GLB_3+s2_Sep13GLB_3, group_Sep13GLB_3);add(scale_down(signal_B_4), scale_down(signal_Sep13GLB_3), filter = false)",PASS,PASS,PASS,PASS,PASS,PASS,PASS
57,16725417,20000000,1496,1480,0.6091,0.1615,0.0223,0.00053,2.45,4.75,2012-01-22,bq5GlXq,"entry_B_6 = ts_rank( ts_std_dev(oth460_1l_2dls, 21), 252 ); maintenance_B_6 = -ts_regression(rsk70_mfm2_gemtrd_srtindcnt, ts_delay(rsk70_mfm2_gemtrd_anlystsn, 1), 252); quit_B_6 = entry_B_6 < 0.5;signal_B_6 =  trade_when(entry_B_6>0.55, maintenance_B_6, quit_B_6);s1_Sep13GLB_1 = ts_zscore (ts_backfill (vec_avg(mdl139_score), 252), 252);s2_Sep13GLB_1 = ts_zscore (ts_backfill (vec_avg(oth193_shield2), 252), 252);group_Sep13GLB_1 = pv13_1l_scibr;signal_Sep13GLB_1 = group_zscore(s1_Sep13GLB_1+s2_Sep13GLB_1, group_Sep13GLB_1);add(scale_down(signal_B_6), scale_down(signal_Sep13GLB_1), filter = false)",PASS,PASS,PASS,PASS,PASS,PASS,PASS
58,18264971,20000000,1555,1547,0.5543,0.1764,0.0402,0.000636,2.45,4.34,2012-01-22,e0ok7pJ,"entry_B_6 = ts_rank( ts_std_dev(oth460_1l_2dls, 21), 252 ); maintenance_B_6 = -ts_regression(rsk70_mfm2_gemtrd_srtindcnt, ts_delay(rsk70_mfm2_gemtrd_anlystsn, 1), 252); quit_B_6 = entry_B_6 < 0.5;signal_B_6 =  trade_when(entry_B_6>0.55, maintenance_B_6, quit_B_6);s1_Sep13GLB_2 = ts_zscore (ts_backfill (vec_avg(mdl139_score), 252), 252);s2_Sep13GLB_2 = ts_zscore (ts_backfill (vec_avg(oth193_shield2), 252), 252);group_Sep13GLB_2 = pv13_10_minvol_1m_sector;signal_Sep13GLB_2 = group_zscore(s1_Sep13GLB_2+s2_Sep13GLB_2, group_Sep13GLB_2);add(scale_down(signal_B_6), scale_down(signal_Sep13GLB_2), filter = false)",PASS,PASS,PASS,PASS,PASS,PASS,PASS
59,20325493,20000000,1166,1157,0.5798,0.1963,0.0525,0.000677,2.44,4.19,2012-01-22,llbeQMe,"entry_B_2 = ts_rank( ts_std_dev(oth460_1l_aiec, 21), 252 ); maintenance_B_2 = -ts_regression(rsk70_mfm2_gemtrd_srtindcnt, ts_delay(rsk70_mfm2_gemtrd_anlystsn, 1), 252); quit_B_2 = entry_B_2 < 0.5;signal_B_2 =  trade_when(entry_B_2>0.55, maintenance_B_2, quit_B_2);s1_Sep13GLB_2 = ts_zscore (ts_backfill (vec_avg(mdl139_score), 252), 252);s2_Sep13GLB_2 = ts_zscore (ts_backfill (vec_avg(oth193_shield2), 252), 252);group_Sep13GLB_2 = pv13_10_minvol_1m_sector;signal_Sep13GLB_2 = group_zscore(s1_Sep13GLB_2+s2_Sep13GLB_2, group_Sep13GLB_2);add(scale_down(signal_B_2), scale_down(signal_Sep13GLB_2), filter = false)",PASS,PASS,PASS,PASS,PASS,PASS,PASS
60,15643040,20000000,1614,1598,0.5606,0.1511,0.0265,0.000539,2.44,4.7,2012-01-22,K9jP5YN,"entry_B_5 = ts_rank( ts_std_dev(oth460_1l_1dls, 21), 252 ); maintenance_B_5 = -ts_regression(rsk70_mfm2_gemtrd_srtindcnt, ts_delay(rsk70_mfm2_gemtrd_srtindcnt, 1), 252); quit_B_5 = entry_B_5 < 0.5;signal_B_5 =  trade_when(entry_B_5>0.55, maintenance_B_5, quit_B_5);s1_Sep13GLB_0 = ts_zscore (ts_backfill (vec_avg(mdl139_score), 252), 252);s2_Sep13GLB_0 = ts_zscore (ts_backfill (vec_avg(oth193_shield2), 252), 252);group_Sep13GLB_0 = pv13_20_minvol_1m_sector;signal_Sep13GLB_0 = group_zscore(s1_Sep13GLB_0+s2_Sep13GLB_0, group_Sep13GLB_0);add(scale_down(signal_B_5), scale_down(signal_Sep13GLB_0), filter = false)",PASS,PASS,PASS,PASS,PASS,PASS,PASS
61,19079060,20000000,1565,1555,0.5721,0.1842,0.0345,0.000644,2.44,4.3,2012-01-22,5Oo8gzX,"entry_B_3 = ts_rank( ts_std_dev(oth460_veia_l2, 21), 252 ); maintenance_B_3 = -ts_regression(rsk70_mfm2_gemtrd_srtindcnt, ts_delay(rsk70_mfm2_gemtrd_anlystsn, 1), 252); quit_B_3 = entry_B_3 < 0.5;signal_B_3 =  trade_when(entry_B_3>0.55, maintenance_B_3, quit_B_3);s1_Sep13GLB_4 = ts_zscore (ts_backfill (vec_avg(mdl139_score), 252), 252);s2_Sep13GLB_4 = ts_zscore (ts_backfill (vec_avg(oth193_shield), 252), 252);group_Sep13GLB_4 = pv13_10_minvol_1m_sector;signal_Sep13GLB_4 = group_zscore(s1_Sep13GLB_4+s2_Sep13GLB_4, group_Sep13GLB_4);add(scale_down(signal_B_3), scale_down(signal_Sep13GLB_4), filter = false)",PASS,PASS,PASS,PASS,PASS,PASS,PASS
62,15909187,20000000,1625,1612,0.5634,0.1536,0.0198,0.000545,2.44,4.67,2012-01-22,3RZQ3XP,"entry_B_8 = ts_rank( ts_std_dev(oth460_veia_l2, 21), 252 ); maintenance_B_8 = -ts_regression(rsk70_mfm2_gemtrd_srtindcnt, ts_delay(rsk70_mfm2_gemtrd_srtindcnt, 1), 252); quit_B_8 = entry_B_8 < 0.5;signal_B_8 =  trade_when(entry_B_8>0.55, maintenance_B_8, quit_B_8);s1_Sep13GLB_0 = ts_zscore (ts_backfill (vec_avg(mdl139_score), 252), 252);s2_Sep13GLB_0 = ts_zscore (ts_backfill (vec_avg(oth193_shield2), 252), 252);group_Sep13GLB_0 = pv13_20_minvol_1m_sector;signal_Sep13GLB_0 = group_zscore(s1_Sep13GLB_0+s2_Sep13GLB_0, group_Sep13GLB_0);add(scale_down(signal_B_8), scale_down(signal_Sep13GLB_0), filter = false)",PASS,PASS,PASS,PASS,PASS,PASS,PASS
63,16531667,20000000,1165,1156,0.5652,0.1596,0.0237,0.000565,2.43,4.58,2012-01-22,llbeQA2,"entry_B_2 = ts_rank( ts_std_dev(oth460_1l_aiec, 21), 252 ); maintenance_B_2 = -ts_regression(rsk70_mfm2_gemtrd_srtindcnt, ts_delay(rsk70_mfm2_gemtrd_anlystsn, 1), 252); quit_B_2 = entry_B_2 < 0.5;signal_B_2 =  trade_when(entry_B_2>0.55, maintenance_B_2, quit_B_2);s1_Sep13GLB_2 = ts_zscore (ts_backfill (vec_avg(mdl139_score), 252), 252);s2_Sep13GLB_2 = ts_zscore (ts_backfill (vec_avg(oth193_shield2), 252), 252);group_Sep13GLB_2 = pv13_10_minvol_1m_sector;signal_Sep13GLB_2 = group_zscore(s1_Sep13GLB_2+s2_Sep13GLB_2, group_Sep13GLB_2);add(scale_down(signal_B_2), scale_down(signal_Sep13GLB_2), filter = false)",PASS,PASS,PASS,PASS,PASS,PASS,PASS
64,15364439,20000000,1623,1613,0.5467,0.1484,0.0197,0.000543,2.42,4.64,2012-01-22,MQoM51n,"entry_B_8 = ts_rank( ts_std_dev(oth460_veia_l2, 21), 252 ); maintenance_B_8 = -ts_regression(rsk70_mfm2_gemtrd_srtindcnt, ts_delay(rsk70_mfm2_gemtrd_srtindcnt, 1), 252); quit_B_8 = entry_B_8 < 0.5;signal_B_8 =  trade_when(entry_B_8>0.55, maintenance_B_8, quit_B_8);s1_Sep13GLB_2 = ts_zscore (ts_backfill (vec_avg(mdl139_score), 252), 252);s2_Sep13GLB_2 = ts_zscore (ts_backfill (vec_avg(oth193_shield2), 252), 252);group_Sep13GLB_2 = pv13_10_minvol_1m_sector;signal_Sep13GLB_2 = group_zscore(s1_Sep13GLB_2+s2_Sep13GLB_2, group_Sep13GLB_2);add(scale_down(signal_B_8), scale_down(signal_Sep13GLB_2), filter = false)",PASS,PASS,PASS,PASS,PASS,PASS,PASS
65,17108937,20000000,1166,1154,0.5874,0.1652,0.0261,0.000563,2.42,4.56,2012-01-22,qloMX5E,"entry_B_2 = ts_rank( ts_std_dev(oth460_1l_aiec, 21), 252 ); maintenance_B_2 = -ts_regression(rsk70_mfm2_gemtrd_srtindcnt, ts_delay(rsk70_mfm2_gemtrd_anlystsn, 1), 252); quit_B_2 = entry_B_2 < 0.5;signal_B_2 =  trade_when(entry_B_2>0.55, maintenance_B_2, quit_B_2);s1_Sep13GLB_3 = ts_zscore (ts_backfill (vec_avg(mdl139_score), 252), 252);s2_Sep13GLB_3 = ts_zscore (ts_backfill (vec_avg(oth193_shield), 252), 252);group_Sep13GLB_3 = pv13_20_minvol_1m_sector;signal_Sep13GLB_3 = group_zscore(s1_Sep13GLB_3+s2_Sep13GLB_3, group_Sep13GLB_3);add(scale_down(signal_B_2), scale_down(signal_Sep13GLB_3), filter = false)",PASS,PASS,PASS,PASS,PASS,PASS,PASS
66,15116492,20000000,1613,1599,0.544,0.146,0.0238,0.000537,2.42,4.68,2012-01-22,k02qw6K,"entry_B_5 = ts_rank( ts_std_dev(oth460_1l_1dls, 21), 252 ); maintenance_B_5 = -ts_regression(rsk70_mfm2_gemtrd_srtindcnt, ts_delay(rsk70_mfm2_gemtrd_srtindcnt, 1), 252); quit_B_5 = entry_B_5 < 0.5;signal_B_5 =  trade_when(entry_B_5>0.55, maintenance_B_5, quit_B_5);s1_Sep13GLB_2 = ts_zscore (ts_backfill (vec_avg(mdl139_score), 252), 252);s2_Sep13GLB_2 = ts_zscore (ts_backfill (vec_avg(oth193_shield2), 252), 252);group_Sep13GLB_2 = pv13_10_minvol_1m_sector;signal_Sep13GLB_2 = group_zscore(s1_Sep13GLB_2+s2_Sep13GLB_2, group_Sep13GLB_2);add(scale_down(signal_B_5), scale_down(signal_Sep13GLB_2), filter = false)",PASS,PASS,PASS,PASS,PASS,PASS,PASS
67,18932065,20000000,1556,1545,0.5772,0.1828,0.0395,0.000633,2.41,4.28,2012-01-22,e0okplN,"entry_B_6 = ts_rank( ts_std_dev(oth460_1l_2dls, 21), 252 ); maintenance_B_6 = -ts_regression(rsk70_mfm2_gemtrd_srtindcnt, ts_delay(rsk70_mfm2_gemtrd_anlystsn, 1), 252); quit_B_6 = entry_B_6 < 0.5;signal_B_6 =  trade_when(entry_B_6>0.55, maintenance_B_6, quit_B_6);s1_Sep13GLB_3 = ts_zscore (ts_backfill (vec_avg(mdl139_score), 252), 252);s2_Sep13GLB_3 = ts_zscore (ts_backfill (vec_avg(oth193_shield), 252), 252);group_Sep13GLB_3 = pv13_20_minvol_1m_sector;signal_Sep13GLB_3 = group_zscore(s1_Sep13GLB_3+s2_Sep13GLB_3, group_Sep13GLB_3);add(scale_down(signal_B_6), scale_down(signal_Sep13GLB_3), filter = false)",PASS,PASS,PASS,PASS,PASS,PASS,PASS
68,18290741,20000000,1656,1648,0.6357,0.1766,0.0244,0.000556,2.41,4.57,2012-01-22,9rLZ1Oo,"entry_B_7 = ts_rank( ts_std_dev(oth460_3l_vlc, 21), 252 ); maintenance_B_7 = -ts_regression(rsk70_mfm2_gemtrd_srtindcnt, ts_delay(rsk70_mfm2_gemtrd_size, 1), 252); quit_B_7 = entry_B_7 < 0.5;signal_B_7 =  trade_when(entry_B_7>0.55, maintenance_B_7, quit_B_7);s1_Sep13GLB_2 = ts_zscore (ts_backfill (vec_avg(mdl139_score), 252), 252);s2_Sep13GLB_2 = ts_zscore (ts_backfill (vec_avg(oth193_shield2), 252), 252);group_Sep13GLB_2 = pv13_10_minvol_1m_sector;signal_Sep13GLB_2 = group_zscore(s1_Sep13GLB_2+s2_Sep13GLB_2, group_Sep13GLB_2);add(scale_down(signal_B_7), scale_down(signal_Sep13GLB_2), filter = false)",PASS,PASS,PASS,PASS,PASS,PASS,PASS
69,20683030,20000000,1547,1530,0.6273,0.1997,0.0345,0.000637,2.41,4.27,2012-01-22,d0A53gg,"entry_B_5 = ts_rank( ts_std_dev(oth460_1l_1dls, 21), 252 ); maintenance_B_5 = -ts_regression(rsk70_mfm2_gemtrd_srtindcnt, ts_delay(rsk70_mfm2_gemtrd_srtindcnt, 1), 252); quit_B_5 = entry_B_5 < 0.5;signal_B_5 =  trade_when(entry_B_5>0.55, maintenance_B_5, quit_B_5);s1_Sep13GLB_1 = ts_zscore (ts_backfill (vec_avg(mdl139_score), 252), 252);s2_Sep13GLB_1 = ts_zscore (ts_backfill (vec_avg(oth193_shield2), 252), 252);group_Sep13GLB_1 = pv13_1l_scibr;signal_Sep13GLB_1 = group_zscore(s1_Sep13GLB_1+s2_Sep13GLB_1, group_Sep13GLB_1);add(scale_down(signal_B_5), scale_down(signal_Sep13GLB_1), filter = false)",PASS,PASS,PASS,PASS,PASS,PASS,PASS
70,15629820,20000000,1615,1597,0.5661,0.1509,0.0233,0.000533,2.41,4.67,2012-01-22,APM18VR,"entry_B_5 = ts_rank( ts_std_dev(oth460_1l_1dls, 21), 252 ); maintenance_B_5 = -ts_regression(rsk70_mfm2_gemtrd_srtindcnt, ts_delay(rsk70_mfm2_gemtrd_srtindcnt, 1), 252); quit_B_5 = entry_B_5 < 0.5;signal_B_5 =  trade_when(entry_B_5>0.55, maintenance_B_5, quit_B_5);s1_Sep13GLB_3 = ts_zscore (ts_backfill (vec_avg(mdl139_score), 252), 252);s2_Sep13GLB_3 = ts_zscore (ts_backfill (vec_avg(oth193_shield), 252), 252);group_Sep13GLB_3 = pv13_20_minvol_1m_sector;signal_Sep13GLB_3 = group_zscore(s1_Sep13GLB_3+s2_Sep13GLB_3, group_Sep13GLB_3);add(scale_down(signal_B_5), scale_down(signal_Sep13GLB_3), filter = false)",PASS,PASS,PASS,PASS,PASS,PASS,PASS
71,22919847,20000000,807,797,0.6049,0.2213,0.0425,0.000732,2.4,3.96,2012-01-22,GLp1nGJ,"entry_B_9 = ts_rank( ts_std_dev(oth460_fprd_class, 21), 252 ); maintenance_B_9 = -ts_regression(rsk70_mfm2_gemtrd_srtindcnt, ts_delay(rsk70_mfm2_gemtrd_anlystsn, 1), 252); quit_B_9 = entry_B_9 < 0.5;signal_B_9 =  trade_when(entry_B_9>0.55, maintenance_B_9, quit_B_9);s1_Sep13GLB_0 = ts_zscore (ts_backfill (vec_avg(mdl139_score), 252), 252);s2_Sep13GLB_0 = ts_zscore (ts_backfill (vec_avg(oth193_shield2), 252), 252);group_Sep13GLB_0 = pv13_20_minvol_1m_sector;signal_Sep13GLB_0 = group_zscore(s1_Sep13GLB_0+s2_Sep13GLB_0, group_Sep13GLB_0);add(scale_down(signal_B_9), scale_down(signal_Sep13GLB_0), filter = false)",PASS,PASS,PASS,PASS,PASS,PASS,PASS
72,21106269,20000000,1167,1155,0.6023,0.2038,0.0569,0.000677,2.4,4.13,2012-01-22,R8nR2ez,"entry_B_2 = ts_rank( ts_std_dev(oth460_1l_aiec, 21), 252 ); maintenance_B_2 = -ts_regression(rsk70_mfm2_gemtrd_srtindcnt, ts_delay(rsk70_mfm2_gemtrd_anlystsn, 1), 252); quit_B_2 = entry_B_2 < 0.5;signal_B_2 =  trade_when(entry_B_2>0.55, maintenance_B_2, quit_B_2);s1_Sep13GLB_3 = ts_zscore (ts_backfill (vec_avg(mdl139_score), 252), 252);s2_Sep13GLB_3 = ts_zscore (ts_backfill (vec_avg(oth193_shield), 252), 252);group_Sep13GLB_3 = pv13_20_minvol_1m_sector;signal_Sep13GLB_3 = group_zscore(s1_Sep13GLB_3+s2_Sep13GLB_3, group_Sep13GLB_3);add(scale_down(signal_B_2), scale_down(signal_Sep13GLB_3), filter = false)",PASS,PASS,PASS,PASS,PASS,PASS,PASS
73,18345710,20000000,1657,1647,0.6408,0.1772,0.0256,0.000553,2.39,4.55,2012-01-22,WG61KzN,"entry_B_7 = ts_rank( ts_std_dev(oth460_3l_vlc, 21), 252 ); maintenance_B_7 = -ts_regression(rsk70_mfm2_gemtrd_srtindcnt, ts_delay(rsk70_mfm2_gemtrd_size, 1), 252); quit_B_7 = entry_B_7 < 0.5;signal_B_7 =  trade_when(entry_B_7>0.55, maintenance_B_7, quit_B_7);s1_Sep13GLB_4 = ts_zscore (ts_backfill (vec_avg(mdl139_score), 252), 252);s2_Sep13GLB_4 = ts_zscore (ts_backfill (vec_avg(oth193_shield), 252), 252);group_Sep13GLB_4 = pv13_10_minvol_1m_sector;signal_Sep13GLB_4 = group_zscore(s1_Sep13GLB_4+s2_Sep13GLB_4, group_Sep13GLB_4);add(scale_down(signal_B_7), scale_down(signal_Sep13GLB_4), filter = false)",PASS,PASS,PASS,PASS,PASS,PASS,PASS
74,18759252,20000000,1657,1646,0.6534,0.1811,0.025,0.000554,2.39,4.54,2012-01-22,69vm835,"entry_B_7 = ts_rank( ts_std_dev(oth460_3l_vlc, 21), 252 ); maintenance_B_7 = -ts_regression(rsk70_mfm2_gemtrd_srtindcnt, ts_delay(rsk70_mfm2_gemtrd_size, 1), 252); quit_B_7 = entry_B_7 < 0.5;signal_B_7 =  trade_when(entry_B_7>0.55, maintenance_B_7, quit_B_7);s1_Sep13GLB_0 = ts_zscore (ts_backfill (vec_avg(mdl139_score), 252), 252);s2_Sep13GLB_0 = ts_zscore (ts_backfill (vec_avg(oth193_shield2), 252), 252);group_Sep13GLB_0 = pv13_20_minvol_1m_sector;signal_Sep13GLB_0 = group_zscore(s1_Sep13GLB_0+s2_Sep13GLB_0, group_Sep13GLB_0);add(scale_down(signal_B_7), scale_down(signal_Sep13GLB_0), filter = false)",PASS,PASS,PASS,PASS,PASS,PASS,PASS
75,15081545,20000000,1614,1598,0.5489,0.1456,0.0218,0.000531,2.39,4.64,2012-01-22,ZneYva0,"entry_B_5 = ts_rank( ts_std_dev(oth460_1l_1dls, 21), 252 ); maintenance_B_5 = -ts_regression(rsk70_mfm2_gemtrd_srtindcnt, ts_delay(rsk70_mfm2_gemtrd_srtindcnt, 1), 252); quit_B_5 = entry_B_5 < 0.5;signal_B_5 =  trade_when(entry_B_5>0.55, maintenance_B_5, quit_B_5);s1_Sep13GLB_4 = ts_zscore (ts_backfill (vec_avg(mdl139_score), 252), 252);s2_Sep13GLB_4 = ts_zscore (ts_backfill (vec_avg(oth193_shield), 252), 252);group_Sep13GLB_4 = pv13_10_minvol_1m_sector;signal_Sep13GLB_4 = group_zscore(s1_Sep13GLB_4+s2_Sep13GLB_4, group_Sep13GLB_4);add(scale_down(signal_B_5), scale_down(signal_Sep13GLB_4), filter = false)",PASS,PASS,PASS,PASS,PASS,PASS,PASS
76,15892401,20000000,1626,1612,0.5688,0.1535,0.0212,0.00054,2.39,4.61,2012-01-22,j0bz9Oe,"entry_B_8 = ts_rank( ts_std_dev(oth460_veia_l2, 21), 252 ); maintenance_B_8 = -ts_regression(rsk70_mfm2_gemtrd_srtindcnt, ts_delay(rsk70_mfm2_gemtrd_srtindcnt, 1), 252); quit_B_8 = entry_B_8 < 0.5;signal_B_8 =  trade_when(entry_B_8>0.55, maintenance_B_8, quit_B_8);s1_Sep13GLB_3 = ts_zscore (ts_backfill (vec_avg(mdl139_score), 252), 252);s2_Sep13GLB_3 = ts_zscore (ts_backfill (vec_avg(oth193_shield), 252), 252);group_Sep13GLB_3 = pv13_20_minvol_1m_sector;signal_Sep13GLB_3 = group_zscore(s1_Sep13GLB_3+s2_Sep13GLB_3, group_Sep13GLB_3);add(scale_down(signal_B_8), scale_down(signal_Sep13GLB_3), filter = false)",PASS,PASS,PASS,PASS,PASS,PASS,PASS
77,20636467,20000000,1504,1491,0.637,0.1993,0.0322,0.000626,2.38,4.25,2012-01-22,69vXwnJ,"entry_B_3 = ts_rank( ts_std_dev(oth460_veia_l2, 21), 252 ); maintenance_B_3 = -ts_regression(rsk70_mfm2_gemtrd_srtindcnt, ts_delay(rsk70_mfm2_gemtrd_anlystsn, 1), 252); quit_B_3 = entry_B_3 < 0.5;signal_B_3 =  trade_when(entry_B_3>0.55, maintenance_B_3, quit_B_3);s1_Sep13GLB_1 = ts_zscore (ts_backfill (vec_avg(mdl139_score), 252), 252);s2_Sep13GLB_1 = ts_zscore (ts_backfill (vec_avg(oth193_shield2), 252), 252);group_Sep13GLB_1 = pv13_1l_scibr;signal_Sep13GLB_1 = group_zscore(s1_Sep13GLB_1+s2_Sep13GLB_1, group_Sep13GLB_1);add(scale_down(signal_B_3), scale_down(signal_Sep13GLB_1), filter = false)",PASS,PASS,PASS,PASS,PASS,PASS,PASS
78,16456206,20000000,1165,1154,0.5699,0.1589,0.0254,0.000558,2.38,4.5,2012-01-22,n2MpWm8,"entry_B_2 = ts_rank( ts_std_dev(oth460_1l_aiec, 21), 252 ); maintenance_B_2 = -ts_regression(rsk70_mfm2_gemtrd_srtindcnt, ts_delay(rsk70_mfm2_gemtrd_anlystsn, 1), 252); quit_B_2 = entry_B_2 < 0.5;signal_B_2 =  trade_when(entry_B_2>0.55, maintenance_B_2, quit_B_2);s1_Sep13GLB_4 = ts_zscore (ts_backfill (vec_avg(mdl139_score), 252), 252);s2_Sep13GLB_4 = ts_zscore (ts_backfill (vec_avg(oth193_shield), 252), 252);group_Sep13GLB_4 = pv13_10_minvol_1m_sector;signal_Sep13GLB_4 = group_zscore(s1_Sep13GLB_4+s2_Sep13GLB_4, group_Sep13GLB_4);add(scale_down(signal_B_2), scale_down(signal_Sep13GLB_4), filter = false)",PASS,PASS,PASS,PASS,PASS,PASS,PASS
79,20301779,20000000,1166,1156,0.5847,0.196,0.0564,0.000671,2.37,4.09,2012-01-22,gMEJ3XO,"entry_B_2 = ts_rank( ts_std_dev(oth460_1l_aiec, 21), 252 ); maintenance_B_2 = -ts_regression(rsk70_mfm2_gemtrd_srtindcnt, ts_delay(rsk70_mfm2_gemtrd_anlystsn, 1), 252); quit_B_2 = entry_B_2 < 0.5;signal_B_2 =  trade_when(entry_B_2>0.55, maintenance_B_2, quit_B_2);s1_Sep13GLB_4 = ts_zscore (ts_backfill (vec_avg(mdl139_score), 252), 252);s2_Sep13GLB_4 = ts_zscore (ts_backfill (vec_avg(oth193_shield), 252), 252);group_Sep13GLB_4 = pv13_10_minvol_1m_sector;signal_Sep13GLB_4 = group_zscore(s1_Sep13GLB_4+s2_Sep13GLB_4, group_Sep13GLB_4);add(scale_down(signal_B_2), scale_down(signal_Sep13GLB_4), filter = false)",PASS,PASS,PASS,PASS,PASS,PASS,PASS
80,18824068,20000000,1658,1645,0.6592,0.1818,0.0251,0.000552,2.37,4.51,2012-01-22,5OonRNN,"entry_B_7 = ts_rank( ts_std_dev(oth460_3l_vlc, 21), 252 ); maintenance_B_7 = -ts_regression(rsk70_mfm2_gemtrd_srtindcnt, ts_delay(rsk70_mfm2_gemtrd_size, 1), 252); quit_B_7 = entry_B_7 < 0.5;signal_B_7 =  trade_when(entry_B_7>0.55, maintenance_B_7, quit_B_7);s1_Sep13GLB_3 = ts_zscore (ts_backfill (vec_avg(mdl139_score), 252), 252);s2_Sep13GLB_3 = ts_zscore (ts_backfill (vec_avg(oth193_shield), 252), 252);group_Sep13GLB_3 = pv13_20_minvol_1m_sector;signal_Sep13GLB_3 = group_zscore(s1_Sep13GLB_3+s2_Sep13GLB_3, group_Sep13GLB_3);add(scale_down(signal_B_7), scale_down(signal_Sep13GLB_3), filter = false)",PASS,PASS,PASS,PASS,PASS,PASS,PASS
81,15337134,20000000,1625,1613,0.5515,0.1481,0.0228,0.000537,2.37,4.57,2012-01-22,olM83X5,"entry_B_8 = ts_rank( ts_std_dev(oth460_veia_l2, 21), 252 ); maintenance_B_8 = -ts_regression(rsk70_mfm2_gemtrd_srtindcnt, ts_delay(rsk70_mfm2_gemtrd_srtindcnt, 1), 252); quit_B_8 = entry_B_8 < 0.5;signal_B_8 =  trade_when(entry_B_8>0.55, maintenance_B_8, quit_B_8);s1_Sep13GLB_4 = ts_zscore (ts_backfill (vec_avg(mdl139_score), 252), 252);s2_Sep13GLB_4 = ts_zscore (ts_backfill (vec_avg(oth193_shield), 252), 252);group_Sep13GLB_4 = pv13_10_minvol_1m_sector;signal_Sep13GLB_4 = group_zscore(s1_Sep13GLB_4+s2_Sep13GLB_4, group_Sep13GLB_4);add(scale_down(signal_B_8), scale_down(signal_Sep13GLB_4), filter = false)",PASS,PASS,PASS,PASS,PASS,PASS,PASS
82,22191351,20000000,807,798,0.5873,0.2143,0.0436,0.00073,2.37,3.93,2012-01-22,zm1K9V8,"entry_B_9 = ts_rank( ts_std_dev(oth460_fprd_class, 21), 252 ); maintenance_B_9 = -ts_regression(rsk70_mfm2_gemtrd_srtindcnt, ts_delay(rsk70_mfm2_gemtrd_anlystsn, 1), 252); quit_B_9 = entry_B_9 < 0.5;signal_B_9 =  trade_when(entry_B_9>0.55, maintenance_B_9, quit_B_9);s1_Sep13GLB_2 = ts_zscore (ts_backfill (vec_avg(mdl139_score), 252), 252);s2_Sep13GLB_2 = ts_zscore (ts_backfill (vec_avg(oth193_shield2), 252), 252);group_Sep13GLB_2 = pv13_10_minvol_1m_sector;signal_Sep13GLB_2 = group_zscore(s1_Sep13GLB_2+s2_Sep13GLB_2, group_Sep13GLB_2);add(scale_down(signal_B_9), scale_down(signal_Sep13GLB_2), filter = false)",PASS,PASS,PASS,PASS,PASS,PASS,PASS
83,18128280,20000000,1555,1546,0.5593,0.1751,0.0418,0.000626,2.37,4.23,2012-01-22,n2MxJpE,"entry_B_6 = ts_rank( ts_std_dev(oth460_1l_2dls, 21), 252 ); maintenance_B_6 = -ts_regression(rsk70_mfm2_gemtrd_srtindcnt, ts_delay(rsk70_mfm2_gemtrd_anlystsn, 1), 252); quit_B_6 = entry_B_6 < 0.5;signal_B_6 =  trade_when(entry_B_6>0.55, maintenance_B_6, quit_B_6);s1_Sep13GLB_4 = ts_zscore (ts_backfill (vec_avg(mdl139_score), 252), 252);s2_Sep13GLB_4 = ts_zscore (ts_backfill (vec_avg(oth193_shield), 252), 252);group_Sep13GLB_4 = pv13_10_minvol_1m_sector;signal_Sep13GLB_4 = group_zscore(s1_Sep13GLB_4+s2_Sep13GLB_4, group_Sep13GLB_4);add(scale_down(signal_B_6), scale_down(signal_Sep13GLB_4), filter = false)",PASS,PASS,PASS,PASS,PASS,PASS,PASS
84,16821389,20000000,1589,1573,0.6984,0.1624,0.0213,0.000465,2.36,4.9,2012-01-22,L1AVawa,"entry_B_7 = ts_rank( ts_std_dev(oth460_3l_vlc, 21), 252 ); maintenance_B_7 = -ts_regression(rsk70_mfm2_gemtrd_srtindcnt, ts_delay(rsk70_mfm2_gemtrd_size, 1), 252); quit_B_7 = entry_B_7 < 0.5;signal_B_7 =  trade_when(entry_B_7>0.55, maintenance_B_7, quit_B_7);s1_Sep13GLB_1 = ts_zscore (ts_backfill (vec_avg(mdl139_score), 252), 252);s2_Sep13GLB_1 = ts_zscore (ts_backfill (vec_avg(oth193_shield2), 252), 252);group_Sep13GLB_1 = pv13_1l_scibr;signal_Sep13GLB_1 = group_zscore(s1_Sep13GLB_1+s2_Sep13GLB_1, group_Sep13GLB_1);add(scale_down(signal_B_7), scale_down(signal_Sep13GLB_1), filter = false)",PASS,PASS,PASS,PASS,PASS,PASS,PASS
85,18093618,20000000,1112,1097,0.6357,0.1747,0.0276,0.00055,2.35,4.49,2012-01-22,71E8Q38,"entry_B_2 = ts_rank( ts_std_dev(oth460_1l_aiec, 21), 252 ); maintenance_B_2 = -ts_regression(rsk70_mfm2_gemtrd_srtindcnt, ts_delay(rsk70_mfm2_gemtrd_anlystsn, 1), 252); quit_B_2 = entry_B_2 < 0.5;signal_B_2 =  trade_when(entry_B_2>0.55, maintenance_B_2, quit_B_2);s1_Sep13GLB_1 = ts_zscore (ts_backfill (vec_avg(mdl139_score), 252), 252);s2_Sep13GLB_1 = ts_zscore (ts_backfill (vec_avg(oth193_shield2), 252), 252);group_Sep13GLB_1 = pv13_1l_scibr;signal_Sep13GLB_1 = group_zscore(s1_Sep13GLB_1+s2_Sep13GLB_1, group_Sep13GLB_1);add(scale_down(signal_B_2), scale_down(signal_Sep13GLB_1), filter = false)",PASS,PASS,PASS,PASS,PASS,PASS,PASS
86,24500714,20000000,776,766,0.6602,0.2366,0.0449,0.000717,2.35,3.93,2012-01-22,K9jlnOl,"entry_B_9 = ts_rank( ts_std_dev(oth460_fprd_class, 21), 252 ); maintenance_B_9 = -ts_regression(rsk70_mfm2_gemtrd_srtindcnt, ts_delay(rsk70_mfm2_gemtrd_anlystsn, 1), 252); quit_B_9 = entry_B_9 < 0.5;signal_B_9 =  trade_when(entry_B_9>0.55, maintenance_B_9, quit_B_9);s1_Sep13GLB_1 = ts_zscore (ts_backfill (vec_avg(mdl139_score), 252), 252);s2_Sep13GLB_1 = ts_zscore (ts_backfill (vec_avg(oth193_shield2), 252), 252);group_Sep13GLB_1 = pv13_1l_scibr;signal_Sep13GLB_1 = group_zscore(s1_Sep13GLB_1+s2_Sep13GLB_1, group_Sep13GLB_1);add(scale_down(signal_B_9), scale_down(signal_Sep13GLB_1), filter = false)",PASS,PASS,PASS,PASS,PASS,PASS,PASS
87,22838235,20000000,808,798,0.6104,0.2205,0.0441,0.000723,2.34,3.9,2012-01-22,K9jl7Mz,"entry_B_9 = ts_rank( ts_std_dev(oth460_fprd_class, 21), 252 ); maintenance_B_9 = -ts_regression(rsk70_mfm2_gemtrd_srtindcnt, ts_delay(rsk70_mfm2_gemtrd_anlystsn, 1), 252); quit_B_9 = entry_B_9 < 0.5;signal_B_9 =  trade_when(entry_B_9>0.55, maintenance_B_9, quit_B_9);s1_Sep13GLB_3 = ts_zscore (ts_backfill (vec_avg(mdl139_score), 252), 252);s2_Sep13GLB_3 = ts_zscore (ts_backfill (vec_avg(oth193_shield), 252), 252);group_Sep13GLB_3 = pv13_20_minvol_1m_sector;signal_Sep13GLB_3 = group_zscore(s1_Sep13GLB_3+s2_Sep13GLB_3, group_Sep13GLB_3);add(scale_down(signal_B_9), scale_down(signal_Sep13GLB_3), filter = false)",PASS,PASS,PASS,PASS,PASS,PASS,PASS
88,16726284,20000000,1558,1542,0.6151,0.1615,0.0226,0.000525,2.34,4.56,2012-01-22,bq5GV8R,"entry_B_8 = ts_rank( ts_std_dev(oth460_veia_l2, 21), 252 ); maintenance_B_8 = -ts_regression(rsk70_mfm2_gemtrd_srtindcnt, ts_delay(rsk70_mfm2_gemtrd_srtindcnt, 1), 252); quit_B_8 = entry_B_8 < 0.5;signal_B_8 =  trade_when(entry_B_8>0.55, maintenance_B_8, quit_B_8);s1_Sep13GLB_1 = ts_zscore (ts_backfill (vec_avg(mdl139_score), 252), 252);s2_Sep13GLB_1 = ts_zscore (ts_backfill (vec_avg(oth193_shield2), 252), 252);group_Sep13GLB_1 = pv13_1l_scibr;signal_Sep13GLB_1 = group_zscore(s1_Sep13GLB_1+s2_Sep13GLB_1, group_Sep13GLB_1);add(scale_down(signal_B_8), scale_down(signal_Sep13GLB_1), filter = false)",PASS,PASS,PASS,PASS,PASS,PASS,PASS
89,22077554,20000000,807,798,0.5922,0.2132,0.0455,0.00072,2.32,3.87,2012-01-22,gMEkjlJ,"entry_B_9 = ts_rank( ts_std_dev(oth460_fprd_class, 21), 252 ); maintenance_B_9 = -ts_regression(rsk70_mfm2_gemtrd_srtindcnt, ts_delay(rsk70_mfm2_gemtrd_anlystsn, 1), 252); quit_B_9 = entry_B_9 < 0.5;signal_B_9 =  trade_when(entry_B_9>0.55, maintenance_B_9, quit_B_9);s1_Sep13GLB_4 = ts_zscore (ts_backfill (vec_avg(mdl139_score), 252), 252);s2_Sep13GLB_4 = ts_zscore (ts_backfill (vec_avg(oth193_shield), 252), 252);group_Sep13GLB_4 = pv13_10_minvol_1m_sector;signal_Sep13GLB_4 = group_zscore(s1_Sep13GLB_4+s2_Sep13GLB_4, group_Sep13GLB_4);add(scale_down(signal_B_9), scale_down(signal_Sep13GLB_4), filter = false)",PASS,PASS,PASS,PASS,PASS,PASS,PASS
90,16548015,20000000,1548,1530,0.6124,0.1598,0.0228,0.000522,2.31,4.53,2012-01-22,JOZjWmj,"entry_B_5 = ts_rank( ts_std_dev(oth460_1l_1dls, 21), 252 ); maintenance_B_5 = -ts_regression(rsk70_mfm2_gemtrd_srtindcnt, ts_delay(rsk70_mfm2_gemtrd_srtindcnt, 1), 252); quit_B_5 = entry_B_5 < 0.5;signal_B_5 =  trade_when(entry_B_5>0.55, maintenance_B_5, quit_B_5);s1_Sep13GLB_1 = ts_zscore (ts_backfill (vec_avg(mdl139_score), 252), 252);s2_Sep13GLB_1 = ts_zscore (ts_backfill (vec_avg(oth193_shield2), 252), 252);group_Sep13GLB_1 = pv13_1l_scibr;signal_Sep13GLB_1 = group_zscore(s1_Sep13GLB_1+s2_Sep13GLB_1, group_Sep13GLB_1);add(scale_down(signal_B_5), scale_down(signal_Sep13GLB_1), filter = false)",PASS,PASS,PASS,PASS,PASS,PASS,PASS
91,21859175,20000000,1112,1099,0.6501,0.2111,0.057,0.000649,2.28,4.0,2012-01-22,L1AL6Kv,"entry_B_2 = ts_rank( ts_std_dev(oth460_1l_aiec, 21), 252 ); maintenance_B_2 = -ts_regression(rsk70_mfm2_gemtrd_srtindcnt, ts_delay(rsk70_mfm2_gemtrd_anlystsn, 1), 252); quit_B_2 = entry_B_2 < 0.5;signal_B_2 =  trade_when(entry_B_2>0.55, maintenance_B_2, quit_B_2);s1_Sep13GLB_1 = ts_zscore (ts_backfill (vec_avg(mdl139_score), 252), 252);s2_Sep13GLB_1 = ts_zscore (ts_backfill (vec_avg(oth193_shield2), 252), 252);group_Sep13GLB_1 = pv13_1l_scibr;signal_Sep13GLB_1 = group_zscore(s1_Sep13GLB_1+s2_Sep13GLB_1, group_Sep13GLB_1);add(scale_down(signal_B_2), scale_down(signal_Sep13GLB_1), filter = false)",PASS,PASS,PASS,PASS,PASS,PASS,PASS
92,19819716,20000000,1640,1623,0.6987,0.1914,0.0286,0.000548,2.28,4.36,2012-01-22,L1ALZa2,"entry_B_4 = ts_rank( ts_std_dev(oth460_3l_vlc, 21), 252 ); maintenance_B_4 = -ts_regression(rsk70_mfm2_gemtrd_srtindcnt, ts_delay(rsk70_mfm2_gemtrd_srtindcnt, 1), 252); quit_B_4 = entry_B_4 < 0.5;signal_B_4 =  trade_when(entry_B_4>0.55, maintenance_B_4, quit_B_4);s1_Sep13GLB_1 = ts_zscore (ts_backfill (vec_avg(mdl139_score), 252), 252);s2_Sep13GLB_1 = ts_zscore (ts_backfill (vec_avg(oth193_shield2), 252), 252);group_Sep13GLB_1 = pv13_1l_scibr;signal_Sep13GLB_1 = group_zscore(s1_Sep13GLB_1+s2_Sep13GLB_1, group_Sep13GLB_1);add(scale_down(signal_B_4), scale_down(signal_Sep13GLB_1), filter = false)",PASS,PASS,PASS,PASS,PASS,PASS,PASS
93,18129411,20000000,1624,1615,0.5616,0.1751,0.0287,0.000623,2.26,4.05,2012-01-22,bq5GWjK,"entry_B_8 = ts_rank( ts_std_dev(oth460_veia_l2, 21), 252 ); maintenance_B_8 = -ts_regression(rsk70_mfm2_gemtrd_srtindcnt, ts_delay(rsk70_mfm2_gemtrd_srtindcnt, 1), 252); quit_B_8 = entry_B_8 < 0.5;signal_B_8 =  trade_when(entry_B_8>0.55, maintenance_B_8, quit_B_8);s1_Sep13GLB_2 = ts_zscore (ts_backfill (vec_avg(mdl139_score), 252), 252);s2_Sep13GLB_2 = ts_zscore (ts_backfill (vec_avg(oth193_shield2), 252), 252);group_Sep13GLB_2 = pv13_10_minvol_1m_sector;signal_Sep13GLB_2 = group_zscore(s1_Sep13GLB_2+s2_Sep13GLB_2, group_Sep13GLB_2);add(scale_down(signal_B_8), scale_down(signal_Sep13GLB_2), filter = false)",PASS,PASS,PASS,PASS,PASS,PASS,PASS
94,19686249,20000000,1495,1483,0.6256,0.1901,0.039,0.000608,2.26,4.1,2012-01-22,e0o7YQM,"entry_B_6 = ts_rank( ts_std_dev(oth460_1l_2dls, 21), 252 ); maintenance_B_6 = -ts_regression(rsk70_mfm2_gemtrd_srtindcnt, ts_delay(rsk70_mfm2_gemtrd_anlystsn, 1), 252); quit_B_6 = entry_B_6 < 0.5;signal_B_6 =  trade_when(entry_B_6>0.55, maintenance_B_6, quit_B_6);s1_Sep13GLB_1 = ts_zscore (ts_backfill (vec_avg(mdl139_score), 252), 252);s2_Sep13GLB_1 = ts_zscore (ts_backfill (vec_avg(oth193_shield2), 252), 252);group_Sep13GLB_1 = pv13_1l_scibr;signal_Sep13GLB_1 = group_zscore(s1_Sep13GLB_1+s2_Sep13GLB_1, group_Sep13GLB_1);add(scale_down(signal_B_6), scale_down(signal_Sep13GLB_1), filter = false)",PASS,PASS,PASS,PASS,PASS,PASS,PASS
95,18730971,20000000,1625,1613,0.5785,0.1809,0.0331,0.000625,2.26,4.05,2012-01-22,Xn5mXeb,"entry_B_8 = ts_rank( ts_std_dev(oth460_veia_l2, 21), 252 ); maintenance_B_8 = -ts_regression(rsk70_mfm2_gemtrd_srtindcnt, ts_delay(rsk70_mfm2_gemtrd_srtindcnt, 1), 252); quit_B_8 = entry_B_8 < 0.5;signal_B_8 =  trade_when(entry_B_8>0.55, maintenance_B_8, quit_B_8);s1_Sep13GLB_0 = ts_zscore (ts_backfill (vec_avg(mdl139_score), 252), 252);s2_Sep13GLB_0 = ts_zscore (ts_backfill (vec_avg(oth193_shield2), 252), 252);group_Sep13GLB_0 = pv13_20_minvol_1m_sector;signal_Sep13GLB_0 = group_zscore(s1_Sep13GLB_0+s2_Sep13GLB_0, group_Sep13GLB_0);add(scale_down(signal_B_8), scale_down(signal_Sep13GLB_0), filter = false)",PASS,PASS,PASS,PASS,PASS,PASS,PASS
96,19550126,20000000,1589,1574,0.7087,0.1888,0.0267,0.000533,2.23,4.33,2012-01-22,9rLZ1ke,"entry_B_7 = ts_rank( ts_std_dev(oth460_3l_vlc, 21), 252 ); maintenance_B_7 = -ts_regression(rsk70_mfm2_gemtrd_srtindcnt, ts_delay(rsk70_mfm2_gemtrd_size, 1), 252); quit_B_7 = entry_B_7 < 0.5;signal_B_7 =  trade_when(entry_B_7>0.55, maintenance_B_7, quit_B_7);s1_Sep13GLB_1 = ts_zscore (ts_backfill (vec_avg(mdl139_score), 252), 252);s2_Sep13GLB_1 = ts_zscore (ts_backfill (vec_avg(oth193_shield2), 252), 252);group_Sep13GLB_1 = pv13_1l_scibr;signal_Sep13GLB_1 = group_zscore(s1_Sep13GLB_1+s2_Sep13GLB_1, group_Sep13GLB_1);add(scale_down(signal_B_7), scale_down(signal_Sep13GLB_1), filter = false)",PASS,FAIL,PASS,PASS,PASS,PASS,PASS
97,18718474,20000000,1626,1612,0.5838,0.1808,0.0374,0.000619,2.21,3.98,2012-01-22,Y0GLWbo,"entry_B_8 = ts_rank( ts_std_dev(oth460_veia_l2, 21), 252 ); maintenance_B_8 = -ts_regression(rsk70_mfm2_gemtrd_srtindcnt, ts_delay(rsk70_mfm2_gemtrd_srtindcnt, 1), 252); quit_B_8 = entry_B_8 < 0.5;signal_B_8 =  trade_when(entry_B_8>0.55, maintenance_B_8, quit_B_8);s1_Sep13GLB_3 = ts_zscore (ts_backfill (vec_avg(mdl139_score), 252), 252);s2_Sep13GLB_3 = ts_zscore (ts_backfill (vec_avg(oth193_shield), 252), 252);group_Sep13GLB_3 = pv13_20_minvol_1m_sector;signal_Sep13GLB_3 = group_zscore(s1_Sep13GLB_3+s2_Sep13GLB_3, group_Sep13GLB_3);add(scale_down(signal_B_8), scale_down(signal_Sep13GLB_3), filter = false)",PASS,PASS,PASS,PASS,PASS,PASS,PASS
98,18063914,20000000,1624,1612,0.5664,0.1744,0.0362,0.000616,2.19,3.95,2012-01-22,MQoMK2k,"entry_B_8 = ts_rank( ts_std_dev(oth460_veia_l2, 21), 252 ); maintenance_B_8 = -ts_regression(rsk70_mfm2_gemtrd_srtindcnt, ts_delay(rsk70_mfm2_gemtrd_srtindcnt, 1), 252); quit_B_8 = entry_B_8 < 0.5;signal_B_8 =  trade_when(entry_B_8>0.55, maintenance_B_8, quit_B_8);s1_Sep13GLB_4 = ts_zscore (ts_backfill (vec_avg(mdl139_score), 252), 252);s2_Sep13GLB_4 = ts_zscore (ts_backfill (vec_avg(oth193_shield), 252), 252);group_Sep13GLB_4 = pv13_10_minvol_1m_sector;signal_Sep13GLB_4 = group_zscore(s1_Sep13GLB_4+s2_Sep13GLB_4, group_Sep13GLB_4);add(scale_down(signal_B_8), scale_down(signal_Sep13GLB_4), filter = false)",PASS,PASS,PASS,PASS,PASS,PASS,PASS
99,19463200,20000000,1556,1543,0.6295,0.1879,0.0349,0.000597,2.12,3.88,2012-01-22,OZEQq8J,"entry_B_8 = ts_rank( ts_std_dev(oth460_veia_l2, 21), 252 ); maintenance_B_8 = -ts_regression(rsk70_mfm2_gemtrd_srtindcnt, ts_delay(rsk70_mfm2_gemtrd_srtindcnt, 1), 252); quit_B_8 = entry_B_8 < 0.5;signal_B_8 =  trade_when(entry_B_8>0.55, maintenance_B_8, quit_B_8);s1_Sep13GLB_1 = ts_zscore (ts_backfill (vec_avg(mdl139_score), 252), 252);s2_Sep13GLB_1 = ts_zscore (ts_backfill (vec_avg(oth193_shield2), 252), 252);group_Sep13GLB_1 = pv13_1l_scibr;signal_Sep13GLB_1 = group_zscore(s1_Sep13GLB_1+s2_Sep13GLB_1, group_Sep13GLB_1);add(scale_down(signal_B_8), scale_down(signal_Sep13GLB_1), filter = false)",PASS,PASS,PASS,PASS,PASS,PASS,PASS
